"INSERT INTO company_details (company_code, company_name, created_at, source_entity_id, company_category, company_domain, company_metadata) VALUES ('', 'HETERO LABS LIMITED', NOW(), 'e023bd9e-46e2-4964-a8e7-d3e73e62421c', 'CAT A', ARRAY['heteroworld.com'], '{""segment"": ""PRIME""}');"
"INSERT INTO company_details (company_code, company_name, created_at, source_entity_id, company_category, company_domain, company_metadata) VALUES ('', 'EATON TECHNOLOGIES PRIVATE LIMITED', NOW(), 'e023bd9e-46e2-4964-a8e7-d3e73e62421c', 'CAT A', ARRAY['eaton.in'], '{""segment"": ""PRIME""}');"
"INSERT INTO company_details (company_code, company_name, created_at, source_entity_id, company_category, company_domain, company_metadata) VALUES ('', 'EMIDS TECHNOLOGIES PRIVATE LIMITED', NOW(), 'e023bd9e-46e2-4964-a8e7-d3e73e62421c', 'CAT A', ARRAY['emids.com'], '{""segment"": ""PRIME""}');"
"INSERT INTO company_details (company_code, company_name, created_at, source_entity_id, company_category, company_domain, company_metadata) VALUES ('', 'MY HOME INDUSTRIES PRIVATE LIMITED', NOW(), 'e023bd9e-46e2-4964-a8e7-d3e73e62421c', 'CAT A', ARRAY['myhomeindustries.com'], '{""segment"": ""PRIME""}');"
"INSERT INTO company_details (company_code, company_name, created_at, source_entity_id, company_category, company_domain, company_metadata) VALUES ('', 'AVR SWARNAMAHAL JEWELRY LIMITED', NOW(), 'e023bd9e-46e2-4964-a8e7-d3e73e62421c', 'CAT A', ARRAY['avrswarnamahal.com'], '{""segment"": ""PRIME""}');"
"INSERT INTO company_details (company_code, company_name, created_at, source_entity_id, company_category, company_domain, company_metadata) VALUES ('', 'VERIZON DATA SERVICES INDIA PRIVATE LIMITED', NOW(), 'e023bd9e-46e2-4964-a8e7-d3e73e62421c', 'CAT A', ARRAY['verizon.com'], '{""segment"": ""PRIME""}');"
"INSERT INTO company_details (company_code, company_name, created_at, source_entity_id, company_category, company_domain, company_metadata) VALUES ('', 'VMWARE SOFTWARE INDIA PRIVATE LIMITED', NOW(), 'e023bd9e-46e2-4964-a8e7-d3e73e62421c', 'CAT A', ARRAY['vmware.com/in'], '{""segment"": ""PRIME""}');"
"INSERT INTO company_details (company_code, company_name, created_at, source_entity_id, company_category, company_domain, company_metadata) VALUES ('', 'SANATHAN TEXTILES LIMITED', NOW(), 'e023bd9e-46e2-4964-a8e7-d3e73e62421c', 'CAT A', ARRAY['sanathan.com'], '{""segment"": ""PRIME""}');"
"INSERT INTO company_details (company_code, company_name, created_at, source_entity_id, company_category, company_domain, company_metadata) VALUES ('', 'PARKER HANNIFIN INDIA PRIVATE LIMITED', NOW(), 'e023bd9e-46e2-4964-a8e7-d3e73e62421c', 'CAT A', ARRAY['parker.com'], '{""segment"": ""PRIME""}');"
"INSERT INTO company_details (company_code, company_name, created_at, source_entity_id, company_category, company_domain, company_metadata) VALUES ('', 'OGILVY AND MATHER PRIVATE LIMITED', NOW(), 'e023bd9e-46e2-4964-a8e7-d3e73e62421c', 'CAT A', ARRAY['ogilvy.com'], '{""segment"": ""PRIME""}');"
"INSERT INTO company_details (company_code, company_name, created_at, source_entity_id, company_category, company_domain, company_metadata) VALUES ('', 'BT TELECOM INDIA PRIVATE LIMITED', NOW(), 'e023bd9e-46e2-4964-a8e7-d3e73e62421c', 'CAT A', ARRAY['globalservices.bt.com/in'], '{""segment"": ""PRIME""}');"
"INSERT INTO company_details (company_code, company_name, created_at, source_entity_id, company_category, company_domain, company_metadata) VALUES ('', 'KALYAN SILKS TRICHUR PRIVATE LIMITED', NOW(), 'e023bd9e-46e2-4964-a8e7-d3e73e62421c', 'CAT A', ARRAY['kalyansilks.com'], '{""segment"": ""PRIME""}');"
"INSERT INTO company_details (company_code, company_name, created_at, source_entity_id, company_category, company_domain, company_metadata) VALUES ('', 'PHYSICIANS INTERACTIVE INDIA PRIVATE LIMITED', NOW(), 'e023bd9e-46e2-4964-a8e7-d3e73e62421c', 'CAT A', ARRAY['physiciansinteractive.com'], '{""segment"": ""PRIME""}');"
"INSERT INTO company_details (company_code, company_name, created_at, source_entity_id, company_category, company_domain, company_metadata) VALUES ('', 'ASUS TECHNOLOGY PRIVATE LIMITED', NOW(), 'e023bd9e-46e2-4964-a8e7-d3e73e62421c', 'CAT A', ARRAY['asus.com'], '{""segment"": ""PRIME""}');"
"INSERT INTO company_details (company_code, company_name, created_at, source_entity_id, company_category, company_domain, company_metadata) VALUES ('', 'PRAJ HIPURITY SYSTEMS LIMITED', NOW(), 'e023bd9e-46e2-4964-a8e7-d3e73e62421c', 'CAT A', ARRAY['prajhipurity.net'], '{""segment"": ""PRIME""}');"
"INSERT INTO company_details (company_code, company_name, created_at, source_entity_id, company_category, company_domain, company_metadata) VALUES ('', 'PREMIER MEDICAL CORPORATION PRIVATE LIMITED', NOW(), 'e023bd9e-46e2-4964-a8e7-d3e73e62421c', 'CAT A', ARRAY['premiermedcorp.com'], '{""segment"": ""PRIME""}');"
"INSERT INTO company_details (company_code, company_name, created_at, source_entity_id, company_category, company_domain, company_metadata) VALUES ('', 'CHLORIDE METALS LIMITED', NOW(), 'e023bd9e-46e2-4964-a8e7-d3e73e62421c', 'CAT A', ARRAY['chloridemetals.in'], '{""segment"": ""PRIME""}');"
"INSERT INTO company_details (company_code, company_name, created_at, source_entity_id, company_category, company_domain, company_metadata) VALUES ('', 'CHOWGULE INDUSTRIES PRIVATE LIMITED', NOW(), 'e023bd9e-46e2-4964-a8e7-d3e73e62421c', 'CAT A', ARRAY['chowguleindustries.com'], '{""segment"": ""PRIME""}');"
"INSERT INTO company_details (company_code, company_name, created_at, source_entity_id, company_category, company_domain, company_metadata) VALUES ('', 'RAPTAKOS BRETT AND COMPANY LIMITED', NOW(), 'e023bd9e-46e2-4964-a8e7-d3e73e62421c', 'CAT A', ARRAY['raptakos.com'], '{""segment"": ""PRIME""}');"
"INSERT INTO company_details (company_code, company_name, created_at, source_entity_id, company_category, company_domain, company_metadata) VALUES ('', 'BUNGE INDIA PRIVATE LIMITED', NOW(), 'e023bd9e-46e2-4964-a8e7-d3e73e62421c', 'CAT A', ARRAY['bungeindia.com'], '{""segment"": ""PRIME""}');"
"INSERT INTO company_details (company_code, company_name, created_at, source_entity_id, company_category, company_domain, company_metadata) VALUES ('', 'LOKMAT MEDIA PRIVATE LIMITED', NOW(), 'e023bd9e-46e2-4964-a8e7-d3e73e62421c', 'CAT A', ARRAY['lokmat.net'], '{""segment"": ""PRIME""}');"
"INSERT INTO company_details (company_code, company_name, created_at, source_entity_id, company_category, company_domain, company_metadata) VALUES ('', 'LOPAREX INDIA PRIVATE LIMITED', NOW(), 'e023bd9e-46e2-4964-a8e7-d3e73e62421c', 'CAT A', ARRAY['releasepaperfilms.com'], '{""segment"": ""PRIME""}');"
"INSERT INTO company_details (company_code, company_name, created_at, source_entity_id, company_category, company_domain, company_metadata) VALUES ('', 'ROOTS MULTI CLEAN LIMITED', NOW(), 'e023bd9e-46e2-4964-a8e7-d3e73e62421c', 'CAT A', ARRAY['rootsmulticlean.in'], '{""segment"": ""PRIME""}');"
"INSERT INTO company_details (company_code, company_name, created_at, source_entity_id, company_category, company_domain, company_metadata) VALUES ('', 'ROULUNDS BRAKING INDIA PRIVATE LIMITED', NOW(), 'e023bd9e-46e2-4964-a8e7-d3e73e62421c', 'CAT A', ARRAY['roulunds-braking.eu'], '{""segment"": ""PRIME""}');"
"INSERT INTO company_details (company_code, company_name, created_at, source_entity_id, company_category, company_domain, company_metadata) VALUES ('', 'SAMSON MARITIME LIMITED', NOW(), 'e023bd9e-46e2-4964-a8e7-d3e73e62421c', 'CAT A', ARRAY['samsonmaritime.com'], '{""segment"": ""PRIME""}');"
"INSERT INTO company_details (company_code, company_name, created_at, source_entity_id, company_category, company_domain, company_metadata) VALUES ('', 'CYBERABAD CONVENTION CENTRE PRIVATE LIMITED', NOW(), 'e023bd9e-46e2-4964-a8e7-d3e73e62421c', 'CAT A', ARRAY['hicc.com'], '{""segment"": ""PRIME""}');"
"INSERT INTO company_details (company_code, company_name, created_at, source_entity_id, company_category, company_domain, company_metadata) VALUES ('', 'DANBLOCK BRAKES INDIA PRIVATE LIMITED', NOW(), 'e023bd9e-46e2-4964-a8e7-d3e73e62421c', 'CAT A', ARRAY['matholdingsinc.com'], '{""segment"": ""PRIME""}');"
"INSERT INTO company_details (company_code, company_name, created_at, source_entity_id, company_category, company_domain, company_metadata) VALUES ('', 'SCHINDLER INDIA PRIVATE LIMITED', NOW(), 'e023bd9e-46e2-4964-a8e7-d3e73e62421c', 'CAT A', ARRAY['india.schindler.com'], '{""segment"": ""PRIME""}');"
"INSERT INTO company_details (company_code, company_name, created_at, source_entity_id, company_category, company_domain, company_metadata) VALUES ('', 'DIMEXON DIAMONDS LIMITED', NOW(), 'e023bd9e-46e2-4964-a8e7-d3e73e62421c', 'CAT A', ARRAY['dimexon.com'], '{""segment"": ""PRIME""}');"
"INSERT INTO company_details (company_code, company_name, created_at, source_entity_id, company_category, company_domain, company_metadata) VALUES ('', 'ENZENE BIOSCIENCES LIMITED', NOW(), 'e023bd9e-46e2-4964-a8e7-d3e73e62421c', 'CAT A', ARRAY['enzene.com'], '{""segment"": ""PRIME""}');"
"INSERT INTO company_details (company_code, company_name, created_at, source_entity_id, company_category, company_domain, company_metadata) VALUES ('', 'FLATWORLD SOLUTIONS PRIVATE LIMITED', NOW(), 'e023bd9e-46e2-4964-a8e7-d3e73e62421c', 'CAT A', ARRAY['flatworldsolutions.com'], '{""segment"": ""PRIME""}');"
"INSERT INTO company_details (company_code, company_name, created_at, source_entity_id, company_category, company_domain, company_metadata) VALUES ('', 'FMI AUTOMOTIVE COMPONENTS PRIVATE LIMITED', NOW(), 'e023bd9e-46e2-4964-a8e7-d3e73e62421c', 'CAT A', ARRAY['futabasangyo.com'], '{""segment"": ""PRIME""}');"
"INSERT INTO company_details (company_code, company_name, created_at, source_entity_id, company_category, company_domain, company_metadata) VALUES ('', 'AKUMS DRUGS AND PHARMACEUTICALS LIMITED', NOW(), 'e023bd9e-46e2-4964-a8e7-d3e73e62421c', 'CAT A', ARRAY['akums.in'], '{""segment"": ""PRIME""}');"
"INSERT INTO company_details (company_code, company_name, created_at, source_entity_id, company_category, company_domain, company_metadata) VALUES ('', 'MEDHA SERVO DRIVES PVT LTD', NOW(), 'e023bd9e-46e2-4964-a8e7-d3e73e62421c', 'CAT A', ARRAY['medha.com'], '{""segment"": ""PRIME""}');"
"INSERT INTO company_details (company_code, company_name, created_at, source_entity_id, company_category, company_domain, company_metadata) VALUES ('', 'GELTEC PRIVATE LIMITED', NOW(), 'e023bd9e-46e2-4964-a8e7-d3e73e62421c', 'CAT A', ARRAY['geltec.in'], '{""segment"": ""PRIME""}');"
"INSERT INTO company_details (company_code, company_name, created_at, source_entity_id, company_category, company_domain, company_metadata) VALUES ('', 'AMEYA LOGISTICS PRIVATE LIMITED', NOW(), 'e023bd9e-46e2-4964-a8e7-d3e73e62421c', 'CAT A', ARRAY['ameyalogistics.com'], '{""segment"": ""PRIME""}');"
"INSERT INTO company_details (company_code, company_name, created_at, source_entity_id, company_category, company_domain, company_metadata) VALUES ('', 'TARGET CORPORATION INDIA PRIVATE LIMITED', NOW(), 'e023bd9e-46e2-4964-a8e7-d3e73e62421c', 'CAT A', ARRAY['corporate.target.com/india/'], '{""segment"": ""PRIME""}');"
"INSERT INTO company_details (company_code, company_name, created_at, source_entity_id, company_category, company_domain, company_metadata) VALUES ('', 'TATA AUTOCOMP HENDRICKSON SUSPENSIONS PRIVATE LIMITED', NOW(), 'e023bd9e-46e2-4964-a8e7-d3e73e62421c', 'CAT A', ARRAY['tacogroup.com'], '{""segment"": ""PRIME""}');"
"INSERT INTO company_details (company_code, company_name, created_at, source_entity_id, company_category, company_domain, company_metadata) VALUES ('', 'APTONLINE LIMITED', NOW(), 'e023bd9e-46e2-4964-a8e7-d3e73e62421c', 'CAT A', ARRAY['aptonline.in'], '{""segment"": ""PRIME""}');"
"INSERT INTO company_details (company_code, company_name, created_at, source_entity_id, company_category, company_domain, company_metadata) VALUES ('', 'THE DHAMRA PORT COMPANY LIMITED', NOW(), 'e023bd9e-46e2-4964-a8e7-d3e73e62421c', 'CAT A', ARRAY['dhamraport.com/'], '{""segment"": ""PRIME""}');"
"INSERT INTO company_details (company_code, company_name, created_at, source_entity_id, company_category, company_domain, company_metadata) VALUES ('', 'IDEMITSU LUBE INDIA PRIVATE LIMITED', NOW(), 'e023bd9e-46e2-4964-a8e7-d3e73e62421c', 'CAT A', ARRAY['ilindia.idemitsu.com'], '{""segment"": ""PRIME""}');"
"INSERT INTO company_details (company_code, company_name, created_at, source_entity_id, company_category, company_domain, company_metadata) VALUES ('', 'BIOSTADT INDIA LIMITED', NOW(), 'e023bd9e-46e2-4964-a8e7-d3e73e62421c', 'CAT A', ARRAY['biostadt.com'], '{""segment"": ""PRIME""}');"
"INSERT INTO company_details (company_code, company_name, created_at, source_entity_id, company_category, company_domain, company_metadata) VALUES ('', 'DUROVALVES INDIA PRIVATE LIMITED', NOW(), 'e023bd9e-46e2-4964-a8e7-d3e73e62421c', 'CAT A', ARRAY['varrocgroup.com'], '{""segment"": ""PRIME""}');"
"INSERT INTO company_details (company_code, company_name, created_at, source_entity_id, company_category, company_domain, company_metadata) VALUES ('', 'SAVEX TECHNOLOGIES PRIVATE LIMITED', NOW(), 'e023bd9e-46e2-4964-a8e7-d3e73e62421c', 'CAT A', ARRAY['savex.org'], '{""segment"": ""PRIME""}');"
"INSERT INTO company_details (company_code, company_name, created_at, source_entity_id, company_category, company_domain, company_metadata) VALUES ('', 'BHILOSA INDUSTRIES PRIVATE LIMITED', NOW(), 'e023bd9e-46e2-4964-a8e7-d3e73e62421c', 'CAT A', ARRAY['bhilosa.com'], '{""segment"": ""PRIME""}');"
"INSERT INTO company_details (company_code, company_name, created_at, source_entity_id, company_category, company_domain, company_metadata) VALUES ('', 'KHAZANA JEWELLERY PRIVATE LIMITED', NOW(), 'e023bd9e-46e2-4964-a8e7-d3e73e62421c', 'CAT A', ARRAY['khazanajewellery.com'], '{""segment"": ""PRIME""}');"
"INSERT INTO company_details (company_code, company_name, created_at, source_entity_id, company_category, company_domain, company_metadata) VALUES ('', 'MAZDA COLOURS LIMITED', NOW(), 'e023bd9e-46e2-4964-a8e7-d3e73e62421c', 'CAT A', ARRAY['mazdacolours.com'], '{""segment"": ""PRIME""}');"
"INSERT INTO company_details (company_code, company_name, created_at, source_entity_id, company_category, company_domain, company_metadata) VALUES ('', 'SIEGWERK INDIA PRIVATE LIMITED', NOW(), 'e023bd9e-46e2-4964-a8e7-d3e73e62421c', 'CAT A', ARRAY['siegwerk.com'], '{""segment"": ""PRIME""}');"
"INSERT INTO company_details (company_code, company_name, created_at, source_entity_id, company_category, company_domain, company_metadata) VALUES ('', 'SANDOZ PRIVATE LIMITED', NOW(), 'e023bd9e-46e2-4964-a8e7-d3e73e62421c', 'CAT A', ARRAY['sandoz.com'], '{""segment"": ""PRIME""}');"
"INSERT INTO company_details (company_code, company_name, created_at, source_entity_id, company_category, company_domain, company_metadata) VALUES ('', 'EWAC ALLOYS LIMITED', NOW(), 'e023bd9e-46e2-4964-a8e7-d3e73e62421c', 'CAT A', ARRAY['ewacalloys.com'], '{""segment"": ""PRIME""}');"
"INSERT INTO company_details (company_code, company_name, created_at, source_entity_id, company_category, company_domain, company_metadata) VALUES ('', 'FLAMINGO PHARMACEUTICALS LIMITED', NOW(), 'e023bd9e-46e2-4964-a8e7-d3e73e62421c', 'CAT A', ARRAY['flamingopharma.com'], '{""segment"": ""PRIME""}');"
"INSERT INTO company_details (company_code, company_name, created_at, source_entity_id, company_category, company_domain, company_metadata) VALUES ('', 'GHARDA CHEMICALS LIMITED', NOW(), 'e023bd9e-46e2-4964-a8e7-d3e73e62421c', 'CAT A', ARRAY['gharda.com'], '{""segment"": ""PRIME""}');"
"INSERT INTO company_details (company_code, company_name, created_at, source_entity_id, company_category, company_domain, company_metadata) VALUES ('', 'GUJARAT TEA PROCESSORS AND PACKERS LIMITED', NOW(), 'e023bd9e-46e2-4964-a8e7-d3e73e62421c', 'CAT A', ARRAY['waghbakritea.com'], '{""segment"": ""PRIME""}');"
"INSERT INTO company_details (company_code, company_name, created_at, source_entity_id, company_category, company_domain, company_metadata) VALUES ('', 'HLS ASIA LIMITED', NOW(), 'e023bd9e-46e2-4964-a8e7-d3e73e62421c', 'CAT A', ARRAY['hlsasia.com'], '{""segment"": ""PRIME""}');"
"INSERT INTO company_details (company_code, company_name, created_at, source_entity_id, company_category, company_domain, company_metadata) VALUES ('', 'PERNOD RICARD INDIA PRIVATE LIMITED', NOW(), 'e023bd9e-46e2-4964-a8e7-d3e73e62421c', 'CAT A', ARRAY['pernod-ricard.com'], '{""segment"": ""PRIME""}');"
"INSERT INTO company_details (company_code, company_name, created_at, source_entity_id, company_category, company_domain, company_metadata) VALUES ('', 'CAPARO ENGINEERING INDIA LIMITED', NOW(), 'e023bd9e-46e2-4964-a8e7-d3e73e62421c', 'CAT A', ARRAY['caparo.co.in'], '{""segment"": ""PRIME""}');"
"INSERT INTO company_details (company_code, company_name, created_at, source_entity_id, company_category, company_domain, company_metadata) VALUES ('', 'SYSTOPIC LABORATORIES PRIVATE LIMITED', NOW(), 'e023bd9e-46e2-4964-a8e7-d3e73e62421c', 'CAT A', ARRAY['systopic.com'], '{""segment"": ""PRIME""}');"
"INSERT INTO company_details (company_code, company_name, created_at, source_entity_id, company_category, company_domain, company_metadata) VALUES ('', 'LANXESS INDIA PRIVATE LIMITED', NOW(), 'e023bd9e-46e2-4964-a8e7-d3e73e62421c', 'CAT A', ARRAY['lanxess.in/about-lanxess-india/lanxess-india-homepage'], '{""segment"": ""PRIME""}');"
"INSERT INTO company_details (company_code, company_name, created_at, source_entity_id, company_category, company_domain, company_metadata) VALUES ('', 'MAITHON POWER LIMITED', NOW(), 'e023bd9e-46e2-4964-a8e7-d3e73e62421c', 'CAT A', ARRAY['tatapower.com/plants-projects/thermal-generation-projects/maithon-1050mw.aspx'], '{""segment"": ""PRIME""}');"
"INSERT INTO company_details (company_code, company_name, created_at, source_entity_id, company_category, company_domain, company_metadata) VALUES ('', 'MANAKSIA LIMITED', NOW(), 'e023bd9e-46e2-4964-a8e7-d3e73e62421c', 'CAT A', ARRAY['manaksia.com'], '{""segment"": ""PRIME""}');"
"INSERT INTO company_details (company_code, company_name, created_at, source_entity_id, company_category, company_domain, company_metadata) VALUES ('', 'HANON AUTOMOTIVE SYSTEMS INDIA PRIVATE LIMITED', NOW(), 'e023bd9e-46e2-4964-a8e7-d3e73e62421c', 'CAT A', ARRAY['hanonsystems.com'], '{""segment"": ""PRIME""}');"
"INSERT INTO company_details (company_code, company_name, created_at, source_entity_id, company_category, company_domain, company_metadata) VALUES ('', 'RAMKRISHNA CARE MEDICAL SCIENCES PRIVATE LIMITED', NOW(), 'e023bd9e-46e2-4964-a8e7-d3e73e62421c', 'CAT A', ARRAY['carehospitals.com'], '{""segment"": ""PRIME""}');"
"INSERT INTO company_details (company_code, company_name, created_at, source_entity_id, company_category, company_domain, company_metadata) VALUES ('', 'RIVIERA HOME FURNISHINGS PRIVATE LIMITED', NOW(), 'e023bd9e-46e2-4964-a8e7-d3e73e62421c', 'CAT A', ARRAY['rivierahome.in'], '{""segment"": ""PRIME""}');"
"INSERT INTO company_details (company_code, company_name, created_at, source_entity_id, company_category, company_domain, company_metadata) VALUES ('', 'SUPERTRON ELECTRONICS PRIVATE LIMITED', NOW(), 'e023bd9e-46e2-4964-a8e7-d3e73e62421c', 'CAT A', ARRAY['supertronindia.com'], '{""segment"": ""PRIME""}');"
"INSERT INTO company_details (company_code, company_name, created_at, source_entity_id, company_category, company_domain, company_metadata) VALUES ('', 'DUSTERS TOTAL SOLUTIONS SERVICES PRIVATE LIMITED', NOW(), 'e023bd9e-46e2-4964-a8e7-d3e73e62421c', 'CAT A', ARRAY['dtss.in'], '{""segment"": ""PRIME""}');"
"INSERT INTO company_details (company_code, company_name, created_at, source_entity_id, company_category, company_domain, company_metadata) VALUES ('', 'STT GLOBAL DATA CENTRES INDIA PRIVATE LIMITED', NOW(), 'e023bd9e-46e2-4964-a8e7-d3e73e62421c', 'CAT A', ARRAY['sttelemediagdc.in'], '{""segment"": ""PRIME""}');"
"INSERT INTO company_details (company_code, company_name, created_at, source_entity_id, company_category, company_domain, company_metadata) VALUES ('', 'ZF HERO CHASSIS SYSTEMS PRIVATE LIMITED', NOW(), 'e023bd9e-46e2-4964-a8e7-d3e73e62421c', 'CAT A', ARRAY['zf.com'], '{""segment"": ""PRIME""}');"
"INSERT INTO company_details (company_code, company_name, created_at, source_entity_id, company_category, company_domain, company_metadata) VALUES ('', 'HERO ELECTRONIX PRIVATE LIMITED', NOW(), 'e023bd9e-46e2-4964-a8e7-d3e73e62421c', 'CAT A', ARRAY['heroelectronix.com/'], '{""segment"": ""PRIME""}');"
"INSERT INTO company_details (company_code, company_name, created_at, source_entity_id, company_category, company_domain, company_metadata) VALUES ('', 'VIKRAM SOLAR LIMITED', NOW(), 'e023bd9e-46e2-4964-a8e7-d3e73e62421c', 'CAT A', ARRAY['vikramsolar.com'], '{""segment"": ""PRIME""}');"
"INSERT INTO company_details (company_code, company_name, created_at, source_entity_id, company_category, company_domain, company_metadata) VALUES ('', 'INDEPENDENT NEWS SERVICE PVTLTD', NOW(), 'e023bd9e-46e2-4964-a8e7-d3e73e62421c', 'CAT A', ARRAY['indiatvnews.com'], '{""segment"": ""PRIME""}');"
"INSERT INTO company_details (company_code, company_name, created_at, source_entity_id, company_category, company_domain, company_metadata) VALUES ('', 'GRAZIANO TRASMISSIONI INDIA PRIVATE LIMITED', NOW(), 'e023bd9e-46e2-4964-a8e7-d3e73e62421c', 'CAT A', ARRAY['dana.com'], '{""segment"": ""PRIME""}');"
"INSERT INTO company_details (company_code, company_name, created_at, source_entity_id, company_category, company_domain, company_metadata) VALUES ('', 'NEEL METAL PRODUCTS LIMITED', NOW(), 'e023bd9e-46e2-4964-a8e7-d3e73e62421c', 'CAT A', ARRAY['jbmgroup.com'], '{""segment"": ""PRIME""}');"
"INSERT INTO company_details (company_code, company_name, created_at, source_entity_id, company_category, company_domain, company_metadata) VALUES ('', 'SEQUEL LOGISTICS PRIVATE LIMITED', NOW(), 'e023bd9e-46e2-4964-a8e7-d3e73e62421c', 'CAT A', ARRAY['sequel.co.in'], '{""segment"": ""PRIME""}');"
"INSERT INTO company_details (company_code, company_name, created_at, source_entity_id, company_category, company_domain, company_metadata) VALUES ('', 'C R I PUMPS PRIVATE LIMITED', NOW(), 'e023bd9e-46e2-4964-a8e7-d3e73e62421c', 'CAT A', ARRAY['crigroups.com'], '{""segment"": ""PRIME""}');"
"INSERT INTO company_details (company_code, company_name, created_at, source_entity_id, company_category, company_domain, company_metadata) VALUES ('', 'INDOFIL INDUSTRIES LIMITED', NOW(), 'e023bd9e-46e2-4964-a8e7-d3e73e62421c', 'CAT A', ARRAY['indofilcc.com'], '{""segment"": ""PRIME""}');"
"INSERT INTO company_details (company_code, company_name, created_at, source_entity_id, company_category, company_domain, company_metadata) VALUES ('', 'PRASAD KOCH TECHNIK PRIVATE LIMITED', NOW(), 'e023bd9e-46e2-4964-a8e7-d3e73e62421c', 'CAT A', ARRAY['prasadgroup.com'], '{""segment"": ""PRIME""}');"
"INSERT INTO company_details (company_code, company_name, created_at, source_entity_id, company_category, company_domain, company_metadata) VALUES ('', 'DXC TECHNOLOGY INDIA PRIVATE LIMITED', NOW(), 'e023bd9e-46e2-4964-a8e7-d3e73e62421c', 'CAT A', ARRAY['dxc.com'], '{""segment"": ""PRIME""}');"
"INSERT INTO company_details (company_code, company_name, created_at, source_entity_id, company_category, company_domain, company_metadata) VALUES ('', 'RPG LIFE SCIENCES LIMITED', NOW(), 'e023bd9e-46e2-4964-a8e7-d3e73e62421c', 'CAT A', ARRAY['rpglifesciences.com'], '{""segment"": ""PRIME""}');"
"INSERT INTO company_details (company_code, company_name, created_at, source_entity_id, company_category, company_domain, company_metadata) VALUES ('', 'SECURE METERS LIMITED', NOW(), 'e023bd9e-46e2-4964-a8e7-d3e73e62421c', 'CAT A', ARRAY['securemeters.com'], '{""segment"": ""PRIME""}');"
"INSERT INTO company_details (company_code, company_name, created_at, source_entity_id, company_category, company_domain, company_metadata) VALUES ('', 'SUNTEC BUSINESS SOLUTIONS PRIVATE LIMITED', NOW(), 'e023bd9e-46e2-4964-a8e7-d3e73e62421c', 'CAT A', ARRAY['suntecgroup.com'], '{""segment"": ""PRIME""}');"
"INSERT INTO company_details (company_code, company_name, created_at, source_entity_id, company_category, company_domain, company_metadata) VALUES ('', 'INTERGLOBE HOTELS PRIVATE LIMITED', NOW(), 'e023bd9e-46e2-4964-a8e7-d3e73e62421c', 'CAT A', ARRAY['interglobe.com'], '{""segment"": ""PRIME""}');"
"INSERT INTO company_details (company_code, company_name, created_at, source_entity_id, company_category, company_domain, company_metadata) VALUES ('', 'AGS HEALTH PRIVATE LIMITED', NOW(), 'e023bd9e-46e2-4964-a8e7-d3e73e62421c', 'CAT A', ARRAY['agshealth.com'], '{""segment"": ""PRIME""}');"
"INSERT INTO company_details (company_code, company_name, created_at, source_entity_id, company_category, company_domain, company_metadata) VALUES ('', 'PEGASYSTEMS WORLDWIDE INDIA PRIVATE LIMITED', NOW(), 'e023bd9e-46e2-4964-a8e7-d3e73e62421c', 'CAT A', ARRAY['pegasystems.com'], '{""segment"": ""PRIME""}');"
"INSERT INTO company_details (company_code, company_name, created_at, source_entity_id, company_category, company_domain, company_metadata) VALUES ('', 'MUSIGMA BUSINESS SOLUTIONS PRIVATE LIMITED', NOW(), 'e023bd9e-46e2-4964-a8e7-d3e73e62421c', 'CAT A', ARRAY['mu-sigma.com'], '{""segment"": ""PRIME""}');"
"INSERT INTO company_details (company_code, company_name, created_at, source_entity_id, company_category, company_domain, company_metadata) VALUES ('', 'FLYJAC LOGISTICS PRIVATE LIMITED', NOW(), 'e023bd9e-46e2-4964-a8e7-d3e73e62421c', 'CAT A', ARRAY['flyjaclogistics.com'], '{""segment"": ""PRIME""}');"
"INSERT INTO company_details (company_code, company_name, created_at, source_entity_id, company_category, company_domain, company_metadata) VALUES ('', 'MEDREICH LIMITED', NOW(), 'e023bd9e-46e2-4964-a8e7-d3e73e62421c', 'CAT A', ARRAY['medreich.com'], '{""segment"": ""PRIME""}');"
"INSERT INTO company_details (company_code, company_name, created_at, source_entity_id, company_category, company_domain, company_metadata) VALUES ('', 'LEAR AUTOMOTIVE INDIA PRIVATE LIMITED', NOW(), 'e023bd9e-46e2-4964-a8e7-d3e73e62421c', 'CAT A', ARRAY['lear.com'], '{""segment"": ""PRIME""}');"
"INSERT INTO company_details (company_code, company_name, created_at, source_entity_id, company_category, company_domain, company_metadata) VALUES ('', 'ALLANASONS PRIVATE LIMITED', NOW(), 'e023bd9e-46e2-4964-a8e7-d3e73e62421c', 'CAT A', ARRAY['allanagroup.in'], '{""segment"": ""PRIME""}');"
"INSERT INTO company_details (company_code, company_name, created_at, source_entity_id, company_category, company_domain, company_metadata) VALUES ('', 'HINDUSTAN GUM AND CHEMICALS LIMITED', NOW(), 'e023bd9e-46e2-4964-a8e7-d3e73e62421c', 'CAT A', ARRAY['hindustangum.com'], '{""segment"": ""PRIME""}');"
"INSERT INTO company_details (company_code, company_name, created_at, source_entity_id, company_category, company_domain, company_metadata) VALUES ('', 'INOX AIR PRODUCTS PRIVATE LIMITED', NOW(), 'e023bd9e-46e2-4964-a8e7-d3e73e62421c', 'CAT A', ARRAY['inoxairproducts.com'], '{""segment"": ""PRIME""}');"
"INSERT INTO company_details (company_code, company_name, created_at, source_entity_id, company_category, company_domain, company_metadata) VALUES ('', 'LUBRIZOL INDIA PRIVATE LIMITED', NOW(), 'e023bd9e-46e2-4964-a8e7-d3e73e62421c', 'CAT A', ARRAY['lubrizol.com'], '{""segment"": ""PRIME""}');"
"INSERT INTO company_details (company_code, company_name, created_at, source_entity_id, company_category, company_domain, company_metadata) VALUES ('', 'NECTAR LIFE SCIENCES LIMITED', NOW(), 'e023bd9e-46e2-4964-a8e7-d3e73e62421c', 'CAT A', ARRAY['neclife.com'], '{""segment"": ""PRIME""}');"
"INSERT INTO company_details (company_code, company_name, created_at, source_entity_id, company_category, company_domain, company_metadata) VALUES ('', 'LOTUS DAIRY PRODUCTS PRIVATE LIMITED', NOW(), 'e023bd9e-46e2-4964-a8e7-d3e73e62421c', 'CAT A', ARRAY['lotusdairy.com'], '{""segment"": ""PRIME""}');"
"INSERT INTO company_details (company_code, company_name, created_at, source_entity_id, company_category, company_domain, company_metadata) VALUES ('', 'MCCAIN FOODS INDIA PRIVATE LIMITED', NOW(), 'e023bd9e-46e2-4964-a8e7-d3e73e62421c', 'CAT A', ARRAY['mccainindia.com'], '{""segment"": ""PRIME""}');"
"INSERT INTO company_details (company_code, company_name, created_at, source_entity_id, company_category, company_domain, company_metadata) VALUES ('', 'INTERTEK INDIA PRIVATE LIMITED', NOW(), 'e023bd9e-46e2-4964-a8e7-d3e73e62421c', 'CAT A', ARRAY['intertek.com'], '{""segment"": ""PRIME""}');"
"INSERT INTO company_details (company_code, company_name, created_at, source_entity_id, company_category, company_domain, company_metadata) VALUES ('', 'PERFETTI VAN MELLE INDIA PRIVATE LIMITED', NOW(), 'e023bd9e-46e2-4964-a8e7-d3e73e62421c', 'CAT A', ARRAY['perfettivanmelle.in'], '{""segment"": ""PRIME""}');"
"INSERT INTO company_details (company_code, company_name, created_at, source_entity_id, company_category, company_domain, company_metadata) VALUES ('', 'TCG LIFESCIENCES PRIVATE LIMITED', NOW(), 'e023bd9e-46e2-4964-a8e7-d3e73e62421c', 'CAT A', ARRAY['tcgls.com'], '{""segment"": ""PRIME""}');"
"INSERT INTO company_details (company_code, company_name, created_at, source_entity_id, company_category, company_domain, company_metadata) VALUES ('', 'HIND TERMINALS PRIVATE LIMITED', NOW(), 'e023bd9e-46e2-4964-a8e7-d3e73e62421c', 'CAT A', ARRAY['hindterminals.com'], '{""segment"": ""PRIME""}');"
"INSERT INTO company_details (company_code, company_name, created_at, source_entity_id, company_category, company_domain, company_metadata) VALUES ('', 'PRIMETALS TECHNOLOGIES INDIA PRIVATE LIMITED', NOW(), 'e023bd9e-46e2-4964-a8e7-d3e73e62421c', 'CAT A', ARRAY['primetals.com'], '{""segment"": ""PRIME""}');"
"INSERT INTO company_details (company_code, company_name, created_at, source_entity_id, company_category, company_domain, company_metadata) VALUES ('', 'CJ DARCL LOGISTICS LIMITED', NOW(), 'e023bd9e-46e2-4964-a8e7-d3e73e62421c', 'CAT A', ARRAY['darcl.com'], '{""segment"": ""PRIME""}');"
"INSERT INTO company_details (company_code, company_name, created_at, source_entity_id, company_category, company_domain, company_metadata) VALUES ('', 'EVERBLUE APPAREL LIMITED', NOW(), 'e023bd9e-46e2-4964-a8e7-d3e73e62421c', 'CAT A', ARRAY['raymondindia.com'], '{""segment"": ""PRIME""}');"
"INSERT INTO company_details (company_code, company_name, created_at, source_entity_id, company_category, company_domain, company_metadata) VALUES ('', 'CWT INDIA PRIVATE LIMITED', NOW(), 'e023bd9e-46e2-4964-a8e7-d3e73e62421c', 'CAT A', ARRAY['carlsonwagonlit.com'], '{""segment"": ""PRIME""}');"
"INSERT INTO company_details (company_code, company_name, created_at, source_entity_id, company_category, company_domain, company_metadata) VALUES ('', 'DENSO HARYANA PRIVATE LIMITED', NOW(), 'e023bd9e-46e2-4964-a8e7-d3e73e62421c', 'CAT A', ARRAY['denso.com'], '{""segment"": ""PRIME""}');"
"INSERT INTO company_details (company_code, company_name, created_at, source_entity_id, company_category, company_domain, company_metadata) VALUES ('', 'SABARMATI GAS LIMITED', NOW(), 'e023bd9e-46e2-4964-a8e7-d3e73e62421c', 'CAT A', ARRAY['sabarmatigas.in'], '{""segment"": ""PRIME""}');"
"INSERT INTO company_details (company_code, company_name, created_at, source_entity_id, company_category, company_domain, company_metadata) VALUES ('', 'ENCUBE ETHICALS PRIVATE LIMITED', NOW(), 'e023bd9e-46e2-4964-a8e7-d3e73e62421c', 'CAT A', ARRAY['encubeethicals.com'], '{""segment"": ""PRIME""}');"
"INSERT INTO company_details (company_code, company_name, created_at, source_entity_id, company_category, company_domain, company_metadata) VALUES ('', 'GLOVIS INDIA PRIVATE LIMITED', NOW(), 'e023bd9e-46e2-4964-a8e7-d3e73e62421c', 'CAT A', ARRAY['glovis.co.in'], '{""segment"": ""PRIME""}');"
"INSERT INTO company_details (company_code, company_name, created_at, source_entity_id, company_category, company_domain, company_metadata) VALUES ('', 'AMMANN INDIA PRIVATE LIMITED', NOW(), 'e023bd9e-46e2-4964-a8e7-d3e73e62421c', 'CAT A', ARRAY['ammann.com'], '{""segment"": ""PRIME""}');"
"INSERT INTO company_details (company_code, company_name, created_at, source_entity_id, company_category, company_domain, company_metadata) VALUES ('', 'FAURECIA INDIA PRIVATE LIMITED', NOW(), 'e023bd9e-46e2-4964-a8e7-d3e73e62421c', 'CAT A', ARRAY['faurecia.com'], '{""segment"": ""PRIME""}');"
"INSERT INTO company_details (company_code, company_name, created_at, source_entity_id, company_category, company_domain, company_metadata) VALUES ('', 'MERIL LIFE SCIENCES PRIVATE LIMITED', NOW(), 'e023bd9e-46e2-4964-a8e7-d3e73e62421c', 'CAT A', ARRAY['merillife.com'], '{""segment"": ""PRIME""}');"
"INSERT INTO company_details (company_code, company_name, created_at, source_entity_id, company_category, company_domain, company_metadata) VALUES ('', 'SUDHIR POWER LIMITED', NOW(), 'e023bd9e-46e2-4964-a8e7-d3e73e62421c', 'CAT A', ARRAY['sudhirpower.com'], '{""segment"": ""PRIME""}');"
"INSERT INTO company_details (company_code, company_name, created_at, source_entity_id, company_category, company_domain, company_metadata) VALUES ('', 'HERBALIFE INTERNATIONAL INDIA PRIVATE LIMITED', NOW(), 'e023bd9e-46e2-4964-a8e7-d3e73e62421c', 'CAT A', ARRAY['herbalife.co.in'], '{""segment"": ""PRIME""}');"
"INSERT INTO company_details (company_code, company_name, created_at, source_entity_id, company_category, company_domain, company_metadata) VALUES ('', 'EXPRESS INFRASTRUCTURE PRIVATE LIMITED', NOW(), 'e023bd9e-46e2-4964-a8e7-d3e73e62421c', 'CAT A', ARRAY['expressinfrastructure.com'], '{""segment"": ""PRIME""}');"
"INSERT INTO company_details (company_code, company_name, created_at, source_entity_id, company_category, company_domain, company_metadata) VALUES ('', 'HALDI RAM PRODUCTS PRIVATE LIMITED', NOW(), 'e023bd9e-46e2-4964-a8e7-d3e73e62421c', 'CAT A', ARRAY['haldiramsonline.com'], '{""segment"": ""PRIME""}');"
"INSERT INTO company_details (company_code, company_name, created_at, source_entity_id, company_category, company_domain, company_metadata) VALUES ('', 'INDIANOIL SKYTANKING PRIVATE LIMITED', NOW(), 'e023bd9e-46e2-4964-a8e7-d3e73e62421c', 'CAT A', ARRAY['indianoilskytanking.co.in'], '{""segment"": ""PRIME""}');"
"INSERT INTO company_details (company_code, company_name, created_at, source_entity_id, company_category, company_domain, company_metadata) VALUES ('', 'JOTUN INDIA PRIVATE LIMITED', NOW(), 'e023bd9e-46e2-4964-a8e7-d3e73e62421c', 'CAT A', ARRAY['jotun.com'], '{""segment"": ""PRIME""}');"
"INSERT INTO company_details (company_code, company_name, created_at, source_entity_id, company_category, company_domain, company_metadata) VALUES ('', 'HERE SOLUTIONS INDIA PRIVATE LIMITED', NOW(), 'e023bd9e-46e2-4964-a8e7-d3e73e62421c', 'CAT A', ARRAY['here.com'], '{""segment"": ""PRIME""}');"
"INSERT INTO company_details (company_code, company_name, created_at, source_entity_id, company_category, company_domain, company_metadata) VALUES ('', 'VISTEON TECHNICAL AND SERVICES CENTRE PRIVATE LIMITED', NOW(), 'e023bd9e-46e2-4964-a8e7-d3e73e62421c', 'CAT A', ARRAY['visteon.com'], '{""segment"": ""PRIME""}');"
"INSERT INTO company_details (company_code, company_name, created_at, source_entity_id, company_category, company_domain, company_metadata) VALUES ('', 'SIEMENS HEALTHCARE PRIVATE LIMITED', NOW(), 'e023bd9e-46e2-4964-a8e7-d3e73e62421c', 'CAT A', ARRAY['siemens-healthineers.com/en-in'], '{""segment"": ""PRIME""}');"
"INSERT INTO company_details (company_code, company_name, created_at, source_entity_id, company_category, company_domain, company_metadata) VALUES ('', 'GROZ ENGINEERING TOOLS PRIVATE LIMITED', NOW(), 'e023bd9e-46e2-4964-a8e7-d3e73e62421c', 'CAT A', ARRAY['groz-tools.com'], '{""segment"": ""PRIME""}');"
"INSERT INTO company_details (company_code, company_name, created_at, source_entity_id, company_category, company_domain, company_metadata) VALUES ('', 'GOODRICH AEROSPACE SERVICES PRIVATE LIMITED', NOW(), 'e023bd9e-46e2-4964-a8e7-d3e73e62421c', 'CAT A', ARRAY['collinsaerospace.com'], '{""segment"": ""PRIME""}');"
"INSERT INTO company_details (company_code, company_name, created_at, source_entity_id, company_category, company_domain, company_metadata) VALUES ('', 'ORISSA METALIKS PRIVATE LIMITED', NOW(), 'e023bd9e-46e2-4964-a8e7-d3e73e62421c', 'CAT A', ARRAY['orissametaliks.com'], '{""segment"": ""PRIME""}');"
"INSERT INTO company_details (company_code, company_name, created_at, source_entity_id, company_category, company_domain, company_metadata) VALUES ('', 'AFCONS INFRASTRUCTURE LIMITED', NOW(), 'e023bd9e-46e2-4964-a8e7-d3e73e62421c', 'CAT A', ARRAY['afcons.com'], '{""segment"": ""PRIME""}');"
"INSERT INTO company_details (company_code, company_name, created_at, source_entity_id, company_category, company_domain, company_metadata) VALUES ('', 'ALEMBIC LIMITED', NOW(), 'e023bd9e-46e2-4964-a8e7-d3e73e62421c', 'CAT A', ARRAY['alembicpharmaceuticals.com'], '{""segment"": ""PRIME""}');"
"INSERT INTO company_details (company_code, company_name, created_at, source_entity_id, company_category, company_domain, company_metadata) VALUES ('', 'K L J POLYMERS AND CHEMICALS LIMITED', NOW(), 'e023bd9e-46e2-4964-a8e7-d3e73e62421c', 'CAT A', ARRAY['kljindia.com'], '{""segment"": ""PRIME""}');"
"INSERT INTO company_details (company_code, company_name, created_at, source_entity_id, company_category, company_domain, company_metadata) VALUES ('', 'BLUE CROSS LABORATORIES PRIVATE LIMITED', NOW(), 'e023bd9e-46e2-4964-a8e7-d3e73e62421c', 'CAT A', ARRAY['bluecrosslabs.com'], '{""segment"": ""PRIME""}');"
"INSERT INTO company_details (company_code, company_name, created_at, source_entity_id, company_category, company_domain, company_metadata) VALUES ('', 'PLANETCAST MEDIA SERVICES LIMITED', NOW(), 'e023bd9e-46e2-4964-a8e7-d3e73e62421c', 'CAT A', ARRAY['esselshyam.net'], '{""segment"": ""PRIME""}');"
"INSERT INTO company_details (company_code, company_name, created_at, source_entity_id, company_category, company_domain, company_metadata) VALUES ('', 'DHARAMPAL SATYAPAL LIMITED', NOW(), 'e023bd9e-46e2-4964-a8e7-d3e73e62421c', 'CAT A', ARRAY['dsgroup.com'], '{""segment"": ""PRIME""}');"
"INSERT INTO company_details (company_code, company_name, created_at, source_entity_id, company_category, company_domain, company_metadata) VALUES ('', 'HEUBACH COLOUR PRIVATE LIMITED', NOW(), 'e023bd9e-46e2-4964-a8e7-d3e73e62421c', 'CAT A', ARRAY['heubach-india.com'], '{""segment"": ""PRIME""}');"
"INSERT INTO company_details (company_code, company_name, created_at, source_entity_id, company_category, company_domain, company_metadata) VALUES ('', 'MERCK SPECIALITIES PRIVATE LIMITED', NOW(), 'e023bd9e-46e2-4964-a8e7-d3e73e62421c', 'CAT A', ARRAY['merck.co.in/en/company/merck_specialities_pvt_ltd/merck_specialities_pvt_ltd.html'], '{""segment"": ""PRIME""}');"
"INSERT INTO company_details (company_code, company_name, created_at, source_entity_id, company_category, company_domain, company_metadata) VALUES ('', 'T STANES AND COMPANY LIMITED', NOW(), 'e023bd9e-46e2-4964-a8e7-d3e73e62421c', 'CAT A', ARRAY['tstanes.com'], '{""segment"": ""PRIME""}');"
"INSERT INTO company_details (company_code, company_name, created_at, source_entity_id, company_category, company_domain, company_metadata) VALUES ('', 'VARDHMAN YARNS AND THREADS LIMITED', NOW(), 'e023bd9e-46e2-4964-a8e7-d3e73e62421c', 'CAT A', ARRAY['vardhmanthreads.com'], '{""segment"": ""PRIME""}');"
"INSERT INTO company_details (company_code, company_name, created_at, source_entity_id, company_category, company_domain, company_metadata) VALUES ('', 'INDIAN CLEARING CORPORATION LIMITED', NOW(), 'e023bd9e-46e2-4964-a8e7-d3e73e62421c', 'CAT A', ARRAY['icclindia.com'], '{""segment"": ""PRIME""}');"
"INSERT INTO company_details (company_code, company_name, created_at, source_entity_id, company_category, company_domain, company_metadata) VALUES ('', 'WELSPUN GLOBAL BRANDS LIMITED', NOW(), 'e023bd9e-46e2-4964-a8e7-d3e73e62421c', 'CAT A', ARRAY['welspun.com'], '{""segment"": ""PRIME""}');"
"INSERT INTO company_details (company_code, company_name, created_at, source_entity_id, company_category, company_domain, company_metadata) VALUES ('', 'INDUSTRIAL SOLVENTS AND CHEMICALS PRIVATE LIMITED', NOW(), 'e023bd9e-46e2-4964-a8e7-d3e73e62421c', 'CAT A', ARRAY['iscpl.com'], '{""segment"": ""PRIME""}');"
"INSERT INTO company_details (company_code, company_name, created_at, source_entity_id, company_category, company_domain, company_metadata) VALUES ('', 'NOIDA POWER COMPANY LIMITED', NOW(), 'e023bd9e-46e2-4964-a8e7-d3e73e62421c', 'CAT A', ARRAY['noidapower.com'], '{""segment"": ""PRIME""}');"
"INSERT INTO company_details (company_code, company_name, created_at, source_entity_id, company_category, company_domain, company_metadata) VALUES ('', 'NSEIT LIMITED', NOW(), 'e023bd9e-46e2-4964-a8e7-d3e73e62421c', 'CAT A', ARRAY['nseit.com'], '{""segment"": ""PRIME""}');"
"INSERT INTO company_details (company_code, company_name, created_at, source_entity_id, company_category, company_domain, company_metadata) VALUES ('', 'BRAHMOS AEROSPACE PRIVATE LIMITED', NOW(), 'e023bd9e-46e2-4964-a8e7-d3e73e62421c', 'CAT A', ARRAY['brahmos.com'], '{""segment"": ""PRIME""}');"
"INSERT INTO company_details (company_code, company_name, created_at, source_entity_id, company_category, company_domain, company_metadata) VALUES ('', 'NATWEST DIGITAL SERVICES INDIA PRIVATE LIMITED', NOW(), 'e023bd9e-46e2-4964-a8e7-d3e73e62421c', 'CAT A', ARRAY['e-secudit.com'], '{""segment"": ""PRIME""}');"
"INSERT INTO company_details (company_code, company_name, created_at, source_entity_id, company_category, company_domain, company_metadata) VALUES ('', 'ADDISON & CO. LIMITED', NOW(), 'e023bd9e-46e2-4964-a8e7-d3e73e62421c', 'CAT A', ARRAY['addison.co.in'], '{""segment"": ""PRIME""}');"
"INSERT INTO company_details (company_code, company_name, created_at, source_entity_id, company_category, company_domain, company_metadata) VALUES ('', 'BENNETT COLEMAN AND COMPANY LIMITED', NOW(), 'e023bd9e-46e2-4964-a8e7-d3e73e62421c', 'CAT A', ARRAY['bccl.in'], '{""segment"": ""PRIME""}');"
"INSERT INTO company_details (company_code, company_name, created_at, source_entity_id, company_category, company_domain, company_metadata) VALUES ('', 'COMPUTER SCIENCES CORPORATION INDIA PRIVATE LIMITED', NOW(), 'e023bd9e-46e2-4964-a8e7-d3e73e62421c', 'CAT A', ARRAY['csc.com'], '{""segment"": ""PRIME""}');"
"INSERT INTO company_details (company_code, company_name, created_at, source_entity_id, company_category, company_domain, company_metadata) VALUES ('', 'TABLETS (INDIA) LTD', NOW(), 'e023bd9e-46e2-4964-a8e7-d3e73e62421c', 'CAT A', ARRAY['tabletsindia.com'], '{""segment"": ""PRIME""}');"
"INSERT INTO company_details (company_code, company_name, created_at, source_entity_id, company_category, company_domain, company_metadata) VALUES ('', 'PRAMA HIKVISION INDIA PRIVATE LIMITED', NOW(), 'e023bd9e-46e2-4964-a8e7-d3e73e62421c', 'CAT A', ARRAY['hikvisionindia.co.in'], '{""segment"": ""PRIME""}');"
"INSERT INTO company_details (company_code, company_name, created_at, source_entity_id, company_category, company_domain, company_metadata) VALUES ('', 'LOUIS DREYFUS COMPANY INDIA PRIVATE LIMITED', NOW(), 'e023bd9e-46e2-4964-a8e7-d3e73e62421c', 'CAT A', ARRAY['ldcom.com'], '{""segment"": ""PRIME""}');"
"INSERT INTO company_details (company_code, company_name, created_at, source_entity_id, company_category, company_domain, company_metadata) VALUES ('', 'COMVIVA TECHNOLOGIES LIMITED', NOW(), 'e023bd9e-46e2-4964-a8e7-d3e73e62421c', 'CAT A', ARRAY['mahindracomviva.com'], '{""segment"": ""PRIME""}');"
"INSERT INTO company_details (company_code, company_name, created_at, source_entity_id, company_category, company_domain, company_metadata) VALUES ('', 'MOHAN CLOTHING COMPANY PRIVATE LIMITED', NOW(), 'e023bd9e-46e2-4964-a8e7-d3e73e62421c', 'CAT A', ARRAY['vsnl.com'], '{""segment"": ""PRIME""}');"
"INSERT INTO company_details (company_code, company_name, created_at, source_entity_id, company_category, company_domain, company_metadata) VALUES ('', 'SYNCHRONY INTERNATIONAL SERVICES PRIVATE LIMITED', NOW(), 'e023bd9e-46e2-4964-a8e7-d3e73e62421c', 'CAT A', ARRAY['synchronycareers.com'], '{""segment"": ""PRIME""}');"
"INSERT INTO company_details (company_code, company_name, created_at, source_entity_id, company_category, company_domain, company_metadata) VALUES ('', 'PIPELINE INFRASTRUCTURE LIMITED', NOW(), 'e023bd9e-46e2-4964-a8e7-d3e73e62421c', 'CAT A', ARRAY['pipelineinfra.com'], '{""segment"": ""PRIME""}');"
"INSERT INTO company_details (company_code, company_name, created_at, source_entity_id, company_category, company_domain, company_metadata) VALUES ('', 'GMMCO LTD', NOW(), 'e023bd9e-46e2-4964-a8e7-d3e73e62421c', 'CAT A', ARRAY['gmmco.in'], '{""segment"": ""PRIME""}');"
"INSERT INTO company_details (company_code, company_name, created_at, source_entity_id, company_category, company_domain, company_metadata) VALUES ('', 'APNATIME TECH PRIVATE LIMITED', NOW(), 'e023bd9e-46e2-4964-a8e7-d3e73e62421c', 'CAT A', ARRAY['apna.co'], '{""segment"": ""PRIME""}');"
"INSERT INTO company_details (company_code, company_name, created_at, source_entity_id, company_category, company_domain, company_metadata) VALUES ('', 'ACHINTYA SECURITIES PRIVATE LIMITED', NOW(), 'e023bd9e-46e2-4964-a8e7-d3e73e62421c', 'CAT A', ARRAY['achintya.co.in'], '{""segment"": ""PRIME""}');"
"INSERT INTO company_details (company_code, company_name, created_at, source_entity_id, company_category, company_domain, company_metadata) VALUES ('', 'AVANEETHA TEXTILES PRIVATE LIMITED', NOW(), 'e023bd9e-46e2-4964-a8e7-d3e73e62421c', 'CAT A', ARRAY['avaneetha.com'], '{""segment"": ""PRIME""}');"
"INSERT INTO company_details (company_code, company_name, created_at, source_entity_id, company_category, company_domain, company_metadata) VALUES ('', 'ASSAM POWER GENERATION CORPORATION LIMITED', NOW(), 'e023bd9e-46e2-4964-a8e7-d3e73e62421c', 'CAT A', ARRAY['apgcl.org'], '{""segment"": ""PRIME""}');"
"INSERT INTO company_details (company_code, company_name, created_at, source_entity_id, company_category, company_domain, company_metadata) VALUES ('', 'ASSAM ROOFING LIMITED', NOW(), 'e023bd9e-46e2-4964-a8e7-d3e73e62421c', 'CAT A', ARRAY['assamroof.com'], '{""segment"": ""PRIME""}');"
"INSERT INTO company_details (company_code, company_name, created_at, source_entity_id, company_category, company_domain, company_metadata) VALUES ('', 'ADEPT CHIP SERVICES PRIVATE LIMITED', NOW(), 'e023bd9e-46e2-4964-a8e7-d3e73e62421c', 'CAT A', ARRAY['adeptchips.com'], '{""segment"": ""PRIME""}');"
"INSERT INTO company_details (company_code, company_name, created_at, source_entity_id, company_category, company_domain, company_metadata) VALUES ('', 'AAPT OUTSOURCING SOLUTIONS PRIVATE LIMITED', NOW(), 'e023bd9e-46e2-4964-a8e7-d3e73e62421c', 'CAT A', ARRAY['myndsol.com'], '{""segment"": ""PRIME""}');"
"INSERT INTO company_details (company_code, company_name, created_at, source_entity_id, company_category, company_domain, company_metadata) VALUES ('', 'GETINGE MEDICAL INDIA PRIVATE LIMITED', NOW(), 'e023bd9e-46e2-4964-a8e7-d3e73e62421c', 'CAT A', ARRAY['getinge.com'], '{""segment"": ""PRIME""}');"
"INSERT INTO company_details (company_code, company_name, created_at, source_entity_id, company_category, company_domain, company_metadata) VALUES ('', 'TRANSLLOY INDIA PRIVATE LIMITED', NOW(), 'e023bd9e-46e2-4964-a8e7-d3e73e62421c', 'CAT A', ARRAY['translloy.com'], '{""segment"": ""PRIME""}');"
"INSERT INTO company_details (company_code, company_name, created_at, source_entity_id, company_category, company_domain, company_metadata) VALUES ('', 'D B POWER LIMITED', NOW(), 'e023bd9e-46e2-4964-a8e7-d3e73e62421c', 'CAT A', ARRAY['diliigentpower.com'], '{""segment"": ""PRIME""}');"
"INSERT INTO company_details (company_code, company_name, created_at, source_entity_id, company_category, company_domain, company_metadata) VALUES ('', 'HMD MOBILE INDIA PRIVATE LIMITED', NOW(), 'e023bd9e-46e2-4964-a8e7-d3e73e62421c', 'CAT A', ARRAY['hmdglobal.com'], '{""segment"": ""PRIME""}');"
"INSERT INTO company_details (company_code, company_name, created_at, source_entity_id, company_category, company_domain, company_metadata) VALUES ('', 'ROOP POLYMERS LIMITED', NOW(), 'e023bd9e-46e2-4964-a8e7-d3e73e62421c', 'CAT A', ARRAY['rooppolymers.com'], '{""segment"": ""PRIME""}');"
"INSERT INTO company_details (company_code, company_name, created_at, source_entity_id, company_category, company_domain, company_metadata) VALUES ('', 'ROQUETTE INDIA PRIVATE LIMITED', NOW(), 'e023bd9e-46e2-4964-a8e7-d3e73e62421c', 'CAT A', ARRAY['roquette.com'], '{""segment"": ""PRIME""}');"
"INSERT INTO company_details (company_code, company_name, created_at, source_entity_id, company_category, company_domain, company_metadata) VALUES ('', 'NANDED CITY DEVELOPMENT AND CONSTRUCTION COMPANY LIMITED', NOW(), 'e023bd9e-46e2-4964-a8e7-d3e73e62421c', 'CAT A', ARRAY['nandedcitypune.com'], '{""segment"": ""PRIME""}');"
"INSERT INTO company_details (company_code, company_name, created_at, source_entity_id, company_category, company_domain, company_metadata) VALUES ('', 'PREMIER MILLS PRIVATE LIMITED', NOW(), 'e023bd9e-46e2-4964-a8e7-d3e73e62421c', 'CAT A', ARRAY['premiermills.com'], '{""segment"": ""PRIME""}');"
"INSERT INTO company_details (company_code, company_name, created_at, source_entity_id, company_category, company_domain, company_metadata) VALUES ('', 'BAWA JEWELLERS PRIVATE LIMITED', NOW(), 'e023bd9e-46e2-4964-a8e7-d3e73e62421c', 'CAT A', ARRAY['bawajewels.in'], '{""segment"": ""PRIME""}');"
"INSERT INTO company_details (company_code, company_name, created_at, source_entity_id, company_category, company_domain, company_metadata) VALUES ('', 'RYAN INDIA TAX SERVICES PRIVATE LIMITED', NOW(), 'e023bd9e-46e2-4964-a8e7-d3e73e62421c', 'CAT A', ARRAY['ryan.com'], '{""segment"": ""PRIME""}');"
"INSERT INTO company_details (company_code, company_name, created_at, source_entity_id, company_category, company_domain, company_metadata) VALUES ('', 'FREUDENBERG-NOK PRIVATE LIMITED', NOW(), 'e023bd9e-46e2-4964-a8e7-d3e73e62421c', 'CAT A', ARRAY['india.fst.com'], '{""segment"": ""PRIME""}');"
"INSERT INTO company_details (company_code, company_name, created_at, source_entity_id, company_category, company_domain, company_metadata) VALUES ('', 'SUPER AUTO FORGE PRIVATE LIMITED', NOW(), 'e023bd9e-46e2-4964-a8e7-d3e73e62421c', 'CAT A', ARRAY['superautoforge.net'], '{""segment"": ""PRIME""}');"
"INSERT INTO company_details (company_code, company_name, created_at, source_entity_id, company_category, company_domain, company_metadata) VALUES ('', 'TEXSPIN BEARINGS LTD', NOW(), 'e023bd9e-46e2-4964-a8e7-d3e73e62421c', 'CAT A', ARRAY['texspin.com'], '{""segment"": ""PRIME""}');"
"INSERT INTO company_details (company_code, company_name, created_at, source_entity_id, company_category, company_domain, company_metadata) VALUES ('', 'NSPIRA MANAGEMENT SERVICES PRIVATE LIMITED', NOW(), 'e023bd9e-46e2-4964-a8e7-d3e73e62421c', 'CAT A', ARRAY['nspira.in'], '{""segment"": ""PRIME""}');"
"INSERT INTO company_details (company_code, company_name, created_at, source_entity_id, company_category, company_domain, company_metadata) VALUES ('', 'FMI LIMITED', NOW(), 'e023bd9e-46e2-4964-a8e7-d3e73e62421c', 'CAT A', ARRAY['futabasangyo.com'], '{""segment"": ""PRIME""}');"
"INSERT INTO company_details (company_code, company_name, created_at, source_entity_id, company_category, company_domain, company_metadata) VALUES ('', 'SHAH PAPER MILLS LIMITED', NOW(), 'e023bd9e-46e2-4964-a8e7-d3e73e62421c', 'CAT A', ARRAY['shahpaper.com'], '{""segment"": ""PRIME""}');"
"INSERT INTO company_details (company_code, company_name, created_at, source_entity_id, company_category, company_domain, company_metadata) VALUES ('', 'PRAVESHA INDUSTRIES PRIVATE LIMITED', NOW(), 'e023bd9e-46e2-4964-a8e7-d3e73e62421c', 'CAT A', ARRAY['pravesha.com'], '{""segment"": ""PRIME""}');"
"INSERT INTO company_details (company_code, company_name, created_at, source_entity_id, company_category, company_domain, company_metadata) VALUES ('', 'SAMVARDHANA MOTHERSON INNOVATIVE SOLUTIONS LIMITED', NOW(), 'e023bd9e-46e2-4964-a8e7-d3e73e62421c', 'CAT A', ARRAY['motherson.com'], '{""segment"": ""PRIME""}');"
"INSERT INTO company_details (company_code, company_name, created_at, source_entity_id, company_category, company_domain, company_metadata) VALUES ('', 'LYNKS LOGISTICS LIMITED', NOW(), 'e023bd9e-46e2-4964-a8e7-d3e73e62421c', 'CAT A', ARRAY['lynk.co.in'], '{""segment"": ""PRIME""}');"
"INSERT INTO company_details (company_code, company_name, created_at, source_entity_id, company_category, company_domain, company_metadata) VALUES ('', 'JSW HYDRO ENERGY LIMITED', NOW(), 'e023bd9e-46e2-4964-a8e7-d3e73e62421c', 'CAT A', ARRAY['jsw.in/energy/jsw-hydro-energ'], '{""segment"": ""PRIME""}');"
"INSERT INTO company_details (company_code, company_name, created_at, source_entity_id, company_category, company_domain, company_metadata) VALUES ('', 'ARCESIUM INDIA PRIVATE LIMITED', NOW(), 'e023bd9e-46e2-4964-a8e7-d3e73e62421c', 'CAT A', ARRAY['arcesium.com'], '{""segment"": ""PRIME""}');"
"INSERT INTO company_details (company_code, company_name, created_at, source_entity_id, company_category, company_domain, company_metadata) VALUES ('', 'HORIZON PACKS PRIVATE LIMITED', NOW(), 'e023bd9e-46e2-4964-a8e7-d3e73e62421c', 'CAT A', ARRAY['horizonpacks.com'], '{""segment"": ""PRIME""}');"
"INSERT INTO company_details (company_code, company_name, created_at, source_entity_id, company_category, company_domain, company_metadata) VALUES ('', 'CONFIDENCE PETROLEUM INDIA LIMITED', NOW(), 'e023bd9e-46e2-4964-a8e7-d3e73e62421c', 'CAT A', ARRAY['confidencegroup.co'], '{""segment"": ""PRIME""}');"
"INSERT INTO company_details (company_code, company_name, created_at, source_entity_id, company_category, company_domain, company_metadata) VALUES ('', 'NINA PERCEPT PRIVATE LIMITED', NOW(), 'e023bd9e-46e2-4964-a8e7-d3e73e62421c', 'CAT A', ARRAY['ninaindia.in'], '{""segment"": ""PRIME""}');"
"INSERT INTO company_details (company_code, company_name, created_at, source_entity_id, company_category, company_domain, company_metadata) VALUES ('', 'IENERGIZER IT SERVICES PRIVATE LIMITED', NOW(), 'e023bd9e-46e2-4964-a8e7-d3e73e62421c', 'CAT A', ARRAY['ienergizer.com'], '{""segment"": ""PRIME""}');"
"INSERT INTO company_details (company_code, company_name, created_at, source_entity_id, company_category, company_domain, company_metadata) VALUES ('', 'EIH ASSOCIATED HOTELS LIMITED', NOW(), 'e023bd9e-46e2-4964-a8e7-d3e73e62421c', 'CAT A', ARRAY['eihassociatedhotels.in'], '{""segment"": ""PRIME""}');"
"INSERT INTO company_details (company_code, company_name, created_at, source_entity_id, company_category, company_domain, company_metadata) VALUES ('', 'ANISH INFRACON INDIA PRIVATE LIMITED', NOW(), 'e023bd9e-46e2-4964-a8e7-d3e73e62421c', 'CAT A', ARRAY['anishinfra.co.in'], '{""segment"": ""PRIME""}');"
"INSERT INTO company_details (company_code, company_name, created_at, source_entity_id, company_category, company_domain, company_metadata) VALUES ('', 'LA OPALA R G LIMITED', NOW(), 'e023bd9e-46e2-4964-a8e7-d3e73e62421c', 'CAT A', ARRAY['laopala.in'], '{""segment"": ""PRIME""}');"
"INSERT INTO company_details (company_code, company_name, created_at, source_entity_id, company_category, company_domain, company_metadata) VALUES ('', 'ROCA BATHROOM PRODUCTS PRIVATE LIMITED', NOW(), 'e023bd9e-46e2-4964-a8e7-d3e73e62421c', 'CAT A', ARRAY['roca.in'], '{""segment"": ""PRIME""}');"
"INSERT INTO company_details (company_code, company_name, created_at, source_entity_id, company_category, company_domain, company_metadata) VALUES ('', 'WILO MATHER AND PLATT PUMPS PRIVATE LIMITED', NOW(), 'e023bd9e-46e2-4964-a8e7-d3e73e62421c', 'CAT A', ARRAY['matherplatt.com'], '{""segment"": ""PRIME""}');"
"INSERT INTO company_details (company_code, company_name, created_at, source_entity_id, company_category, company_domain, company_metadata) VALUES ('', 'ATS ELGI LIMITED', NOW(), 'e023bd9e-46e2-4964-a8e7-d3e73e62421c', 'CAT A', ARRAY['ats-elgi.com'], '{""segment"": ""PRIME""}');"
"INSERT INTO company_details (company_code, company_name, created_at, source_entity_id, company_category, company_domain, company_metadata) VALUES ('', 'ANJ TURNKEY PROJECTS PRIVATE LIMITED', NOW(), 'e023bd9e-46e2-4964-a8e7-d3e73e62421c', 'CAT A', ARRAY['anj.co.in'], '{""segment"": ""PRIME""}');"
"INSERT INTO company_details (company_code, company_name, created_at, source_entity_id, company_category, company_domain, company_metadata) VALUES ('', 'DEEPAK PHENOLICS LIMITED', NOW(), 'e023bd9e-46e2-4964-a8e7-d3e73e62421c', 'CAT A', ARRAY['godeepak.com'], '{""segment"": ""PRIME""}');"
"INSERT INTO company_details (company_code, company_name, created_at, source_entity_id, company_category, company_domain, company_metadata) VALUES ('', 'SHREE DIGVIJAY CEMENT CO LIMITED', NOW(), 'e023bd9e-46e2-4964-a8e7-d3e73e62421c', 'CAT A', ARRAY['digvijaycement.com'], '{""segment"": ""PRIME""}');"
"INSERT INTO company_details (company_code, company_name, created_at, source_entity_id, company_category, company_domain, company_metadata) VALUES ('', 'TAQA NEYVELI POWER COMPANY PRIVATE LIMITED', NOW(), 'e023bd9e-46e2-4964-a8e7-d3e73e62421c', 'CAT A', ARRAY['taqaglobal.com'], '{""segment"": ""PRIME""}');"
"INSERT INTO company_details (company_code, company_name, created_at, source_entity_id, company_category, company_domain, company_metadata) VALUES ('', 'SWAL CORPORATION LIMITED', NOW(), 'e023bd9e-46e2-4964-a8e7-d3e73e62421c', 'CAT A', ARRAY['swal.in'], '{""segment"": ""PRIME""}');"
"INSERT INTO company_details (company_code, company_name, created_at, source_entity_id, company_category, company_domain, company_metadata) VALUES ('', 'EUGIA PHARMA SPECIALITIES LIMITED', NOW(), 'e023bd9e-46e2-4964-a8e7-d3e73e62421c', 'CAT A', ARRAY['eugiapharma.com'], '{""segment"": ""PRIME""}');"
"INSERT INTO company_details (company_code, company_name, created_at, source_entity_id, company_category, company_domain, company_metadata) VALUES ('', 'JMS MINING PRIVATE LIMITED', NOW(), 'e023bd9e-46e2-4964-a8e7-d3e73e62421c', 'CAT A', ARRAY['jmsmining.com'], '{""segment"": ""PRIME""}');"
"INSERT INTO company_details (company_code, company_name, created_at, source_entity_id, company_category, company_domain, company_metadata) VALUES ('', 'GERA DEVELOPMENTS PRIVATE LIMITED', NOW(), 'e023bd9e-46e2-4964-a8e7-d3e73e62421c', 'CAT A', ARRAY['gera.in'], '{""segment"": ""PRIME""}');"
"INSERT INTO company_details (company_code, company_name, created_at, source_entity_id, company_category, company_domain, company_metadata) VALUES ('', 'SESHASAYEE PAPER AND BOARDS LIMITED', NOW(), 'e023bd9e-46e2-4964-a8e7-d3e73e62421c', 'CAT A', ARRAY['spbltd.com'], '{""segment"": ""PRIME""}');"
"INSERT INTO company_details (company_code, company_name, created_at, source_entity_id, company_category, company_domain, company_metadata) VALUES ('', 'BOKARO POWER SUPPLY COMPANY PRIVATE LIMITED', NOW(), 'e023bd9e-46e2-4964-a8e7-d3e73e62421c', 'CAT A', ARRAY['bpscl.in'], '{""segment"": ""PRIME""}');"
"INSERT INTO company_details (company_code, company_name, created_at, source_entity_id, company_category, company_domain, company_metadata) VALUES ('', 'NACL INDUSTRIES LIMITED', NOW(), 'e023bd9e-46e2-4964-a8e7-d3e73e62421c', 'CAT A', ARRAY['naclind.com'], '{""segment"": ""PRIME""}');"
"INSERT INTO company_details (company_code, company_name, created_at, source_entity_id, company_category, company_domain, company_metadata) VALUES ('', 'MSL DRIVELINE SYSTEMS LIMITED', NOW(), 'e023bd9e-46e2-4964-a8e7-d3e73e62421c', 'CAT A', ARRAY['mahindrasona.com'], '{""segment"": ""PRIME""}');"
"INSERT INTO company_details (company_code, company_name, created_at, source_entity_id, company_category, company_domain, company_metadata) VALUES ('', 'HIMADRI SPECIALITY CHEMICAL LIMITED', NOW(), 'e023bd9e-46e2-4964-a8e7-d3e73e62421c', 'CAT A', ARRAY['himadri.com'], '{""segment"": ""PRIME""}');"
"INSERT INTO company_details (company_code, company_name, created_at, source_entity_id, company_category, company_domain, company_metadata) VALUES ('', 'JADCHERLA EXPRESSWAYS PRIVATE LIMITED', NOW(), 'e023bd9e-46e2-4964-a8e7-d3e73e62421c', 'CAT A', ARRAY['gmrgroup.in'], '{""segment"": ""PRIME""}');"
"INSERT INTO company_details (company_code, company_name, created_at, source_entity_id, company_category, company_domain, company_metadata) VALUES ('', 'HERCULES HOISTS LIMITED', NOW(), 'e023bd9e-46e2-4964-a8e7-d3e73e62421c', 'CAT A', ARRAY['indef.com'], '{""segment"": ""PRIME""}');"
"INSERT INTO company_details (company_code, company_name, created_at, source_entity_id, company_category, company_domain, company_metadata) VALUES ('', 'HPL ELECTRIC & POWER LIMITED', NOW(), 'e023bd9e-46e2-4964-a8e7-d3e73e62421c', 'CAT A', ARRAY['hplindia.com'], '{""segment"": ""PRIME""}');"
"INSERT INTO company_details (company_code, company_name, created_at, source_entity_id, company_category, company_domain, company_metadata) VALUES ('', 'ICPA HEALTH PRODUCTS LTD', NOW(), 'e023bd9e-46e2-4964-a8e7-d3e73e62421c', 'CAT A', ARRAY['icpahealth.com'], '{""segment"": ""PRIME""}');"
"INSERT INTO company_details (company_code, company_name, created_at, source_entity_id, company_category, company_domain, company_metadata) VALUES ('', 'ARL INFRATECH LIMITED', NOW(), 'e023bd9e-46e2-4964-a8e7-d3e73e62421c', 'CAT A', ARRAY['arlinfratech.com'], '{""segment"": ""PRIME""}');"
"INSERT INTO company_details (company_code, company_name, created_at, source_entity_id, company_category, company_domain, company_metadata) VALUES ('', 'RASHMI CEMENT LIMITED', NOW(), 'e023bd9e-46e2-4964-a8e7-d3e73e62421c', 'CAT A', ARRAY['rashmigroup.com'], '{""segment"": ""PRIME""}');"
"INSERT INTO company_details (company_code, company_name, created_at, source_entity_id, company_category, company_domain, company_metadata) VALUES ('', 'P B M POLYTEX LIMITED', NOW(), 'e023bd9e-46e2-4964-a8e7-d3e73e62421c', 'CAT A', ARRAY['pbmpolytex.com'], '{""segment"": ""PRIME""}');"
"INSERT INTO company_details (company_code, company_name, created_at, source_entity_id, company_category, company_domain, company_metadata) VALUES ('', 'MAITHAN ALLOYS LTD.', NOW(), 'e023bd9e-46e2-4964-a8e7-d3e73e62421c', 'CAT A', ARRAY['maithanalloys.com'], '{""segment"": ""PRIME""}');"
"INSERT INTO company_details (company_code, company_name, created_at, source_entity_id, company_category, company_domain, company_metadata) VALUES ('', 'P G FOILS LIMITED', NOW(), 'e023bd9e-46e2-4964-a8e7-d3e73e62421c', 'CAT A', ARRAY['pgfoils.in'], '{""segment"": ""PRIME""}');"
"INSERT INTO company_details (company_code, company_name, created_at, source_entity_id, company_category, company_domain, company_metadata) VALUES ('', 'SHYAM CENTURY FERROUS LIMITED', NOW(), 'e023bd9e-46e2-4964-a8e7-d3e73e62421c', 'CAT A', ARRAY['shyamcenturyferrous.com'], '{""segment"": ""PRIME""}');"
"INSERT INTO company_details (company_code, company_name, created_at, source_entity_id, company_category, company_domain, company_metadata) VALUES ('', 'VINYL CHEMICALS (INDIA) LIMITED', NOW(), 'e023bd9e-46e2-4964-a8e7-d3e73e62421c', 'CAT A', ARRAY['vinylchemicals.com'], '{""segment"": ""PRIME""}');"
"INSERT INTO company_details (company_code, company_name, created_at, source_entity_id, company_category, company_domain, company_metadata) VALUES ('', 'GUPTA MACHINE TOOLS PRIVATE LIMITED', NOW(), 'e023bd9e-46e2-4964-a8e7-d3e73e62421c', 'CAT A', ARRAY['precision-stampings.com'], '{""segment"": ""PRIME""}');"
"INSERT INTO company_details (company_code, company_name, created_at, source_entity_id, company_category, company_domain, company_metadata) VALUES ('', 'JEKAY INTERNATIONAL TRACK PVT. LTD.', NOW(), 'e023bd9e-46e2-4964-a8e7-d3e73e62421c', 'CAT A', ARRAY['jekay.com'], '{""segment"": ""PRIME""}');"
"INSERT INTO company_details (company_code, company_name, created_at, source_entity_id, company_category, company_domain, company_metadata) VALUES ('', 'WALWHAN RENEWABLE ENERGY LIMITED', NOW(), 'e023bd9e-46e2-4964-a8e7-d3e73e62421c', 'CAT A', ARRAY['welspunrenewables.com'], '{""segment"": ""PRIME""}');"
"INSERT INTO company_details (company_code, company_name, created_at, source_entity_id, company_category, company_domain, company_metadata) VALUES ('', 'ORIENT BEVERAGES LTD', NOW(), 'e023bd9e-46e2-4964-a8e7-d3e73e62421c', 'CAT A', ARRAY['obl.org.in'], '{""segment"": ""PRIME""}');"
"INSERT INTO company_details (company_code, company_name, created_at, source_entity_id, company_category, company_domain, company_metadata) VALUES ('', 'BERGER BECKER COATINGS PRIVATE LIMITED', NOW(), 'e023bd9e-46e2-4964-a8e7-d3e73e62421c', 'CAT A', ARRAY['beckers-group.com'], '{""segment"": ""PRIME""}');"
"INSERT INTO company_details (company_code, company_name, created_at, source_entity_id, company_category, company_domain, company_metadata) VALUES ('', 'JEWEL CONSUMER CARE PRIVATE LIMITED', NOW(), 'e023bd9e-46e2-4964-a8e7-d3e73e62421c', 'CAT A', ARRAY['jewelbrushes.com'], '{""segment"": ""PRIME""}');"
"INSERT INTO company_details (company_code, company_name, created_at, source_entity_id, company_category, company_domain, company_metadata) VALUES ('', 'BALRAMPUR CHINI MILLS LTD', NOW(), 'e023bd9e-46e2-4964-a8e7-d3e73e62421c', 'CAT A', ARRAY['chini.com'], '{""segment"": ""PRIME""}');"
"INSERT INTO company_details (company_code, company_name, created_at, source_entity_id, company_category, company_domain, company_metadata) VALUES ('', 'LOBO STAFFING SOLUTIONS PRIVATE LIMITED', NOW(), 'e023bd9e-46e2-4964-a8e7-d3e73e62421c', 'CAT A', ARRAY['lobostaffing.com'], '{""segment"": ""PRIME""}');"
"INSERT INTO company_details (company_code, company_name, created_at, source_entity_id, company_category, company_domain, company_metadata) VALUES ('', 'MODERN ROAD MAKERS P LTD', NOW(), 'e023bd9e-46e2-4964-a8e7-d3e73e62421c', 'CAT A', ARRAY['irb.co.in'], '{""segment"": ""PRIME""}');"
"INSERT INTO company_details (company_code, company_name, created_at, source_entity_id, company_category, company_domain, company_metadata) VALUES ('', 'INFORMATION TECHNOLOGY PARK LIMITED', NOW(), 'e023bd9e-46e2-4964-a8e7-d3e73e62421c', 'CAT A', ARRAY['ascendas.com'], '{""segment"": ""PRIME""}');"
"INSERT INTO company_details (company_code, company_name, created_at, source_entity_id, company_category, company_domain, company_metadata) VALUES ('', 'S S P PRIVATE LIMITED', NOW(), 'e023bd9e-46e2-4964-a8e7-d3e73e62421c', 'CAT A', ARRAY['sspindia.com'], '{""segment"": ""PRIME""}');"
"INSERT INTO company_details (company_code, company_name, created_at, source_entity_id, company_category, company_domain, company_metadata) VALUES ('', 'UNI-ABEX ALLOY PRODUCTS LIMITED', NOW(), 'e023bd9e-46e2-4964-a8e7-d3e73e62421c', 'CAT A', ARRAY['uniabex.com'], '{""segment"": ""PRIME""}');"
"INSERT INTO company_details (company_code, company_name, created_at, source_entity_id, company_category, company_domain, company_metadata) VALUES ('', 'MUKAND SUMI SPECIAL STEEL LIMITED', NOW(), 'e023bd9e-46e2-4964-a8e7-d3e73e62421c', 'CAT A', ARRAY['mukandsumi.com'], '{""segment"": ""PRIME""}');"
"INSERT INTO company_details (company_code, company_name, created_at, source_entity_id, company_category, company_domain, company_metadata) VALUES ('', 'DEEPAK FERTILISERS AND PETROCHEMICALS CORPORATION LTD', NOW(), 'e023bd9e-46e2-4964-a8e7-d3e73e62421c', 'CAT A', ARRAY['dfpcl.com'], '{""segment"": ""PRIME""}');"
"INSERT INTO company_details (company_code, company_name, created_at, source_entity_id, company_category, company_domain, company_metadata) VALUES ('', 'VATECH INDIA PRIVATE LIMITED', NOW(), 'e023bd9e-46e2-4964-a8e7-d3e73e62421c', 'CAT A', ARRAY['vatechindia.in'], '{""segment"": ""PRIME""}');"
"INSERT INTO company_details (company_code, company_name, created_at, source_entity_id, company_category, company_domain, company_metadata) VALUES ('', 'VA TECH WABAG LIMITED', NOW(), 'e023bd9e-46e2-4964-a8e7-d3e73e62421c', 'CAT A', ARRAY['wabag.com'], '{""segment"": ""PRIME""}');"
"INSERT INTO company_details (company_code, company_name, created_at, source_entity_id, company_category, company_domain, company_metadata) VALUES ('', 'MANGALAM CEMENT LTD', NOW(), 'e023bd9e-46e2-4964-a8e7-d3e73e62421c', 'CAT A', ARRAY['mangalamcement.com'], '{""segment"": ""PRIME""}');"
"INSERT INTO company_details (company_code, company_name, created_at, source_entity_id, company_category, company_domain, company_metadata) VALUES ('', 'JHAJJAR POWER LIMITED.', NOW(), 'e023bd9e-46e2-4964-a8e7-d3e73e62421c', 'CAT A', ARRAY['clpindia.in'], '{""segment"": ""PRIME""}');"
"INSERT INTO company_details (company_code, company_name, created_at, source_entity_id, company_category, company_domain, company_metadata) VALUES ('', 'AATASH NORCONTROL LTD.', NOW(), 'e023bd9e-46e2-4964-a8e7-d3e73e62421c', 'CAT A', ARRAY['aatash.com'], '{""segment"": ""PRIME""}');"
"INSERT INTO company_details (company_code, company_name, created_at, source_entity_id, company_category, company_domain, company_metadata) VALUES ('', 'BHUBANESWARI COAL MINING LIMITED', NOW(), 'e023bd9e-46e2-4964-a8e7-d3e73e62421c', 'CAT A', ARRAY['esselmining.com'], '{""segment"": ""PRIME""}');"
"INSERT INTO company_details (company_code, company_name, created_at, source_entity_id, company_category, company_domain, company_metadata) VALUES ('', 'KIRI INDUSTRIES LIMITED', NOW(), 'e023bd9e-46e2-4964-a8e7-d3e73e62421c', 'CAT A', ARRAY['kiriindustries.com'], '{""segment"": ""PRIME""}');"
"INSERT INTO company_details (company_code, company_name, created_at, source_entity_id, company_category, company_domain, company_metadata) VALUES ('', 'SHIVA PHARMACHEM LIMITED', NOW(), 'e023bd9e-46e2-4964-a8e7-d3e73e62421c', 'CAT A', ARRAY['shivapharmachem.com'], '{""segment"": ""PRIME""}');"
"INSERT INTO company_details (company_code, company_name, created_at, source_entity_id, company_category, company_domain, company_metadata) VALUES ('', 'DISHMAN CARBOGEN AMCIS LIMITED', NOW(), 'e023bd9e-46e2-4964-a8e7-d3e73e62421c', 'CAT A', ARRAY['dishmanGroup.com'], '{""segment"": ""PRIME""}');"
"INSERT INTO company_details (company_code, company_name, created_at, source_entity_id, company_category, company_domain, company_metadata) VALUES ('', 'PIRAMAL PHARMA LIMITED', NOW(), 'e023bd9e-46e2-4964-a8e7-d3e73e62421c', 'CAT A', ARRAY['piramal.com'], '{""segment"": ""PRIME""}');"
"INSERT INTO company_details (company_code, company_name, created_at, source_entity_id, company_category, company_domain, company_metadata) VALUES ('', 'HUHTAMAKI INDIA LIMITED', NOW(), 'e023bd9e-46e2-4964-a8e7-d3e73e62421c', 'CAT A', ARRAY['huhtamaki.com'], '{""segment"": ""PRIME""}');"
"INSERT INTO company_details (company_code, company_name, created_at, source_entity_id, company_category, company_domain, company_metadata) VALUES ('', 'GARWARE FULFLEX INDIA PRIVATE LIMITED', NOW(), 'e023bd9e-46e2-4964-a8e7-d3e73e62421c', 'CAT A', ARRAY['garwarebeil.com'], '{""segment"": ""PRIME""}');"
"INSERT INTO company_details (company_code, company_name, created_at, source_entity_id, company_category, company_domain, company_metadata) VALUES ('', 'DEV PRIYA PAPERS PRIVATE LIMITED', NOW(), 'e023bd9e-46e2-4964-a8e7-d3e73e62421c', 'CAT A', ARRAY['devpriya.in'], '{""segment"": ""PRIME""}');"
"INSERT INTO company_details (company_code, company_name, created_at, source_entity_id, company_category, company_domain, company_metadata) VALUES ('', 'EMPIRE SPICES AND FOODS LIMITED', NOW(), 'e023bd9e-46e2-4964-a8e7-d3e73e62421c', 'CAT A', ARRAY['rambandhu.com'], '{""segment"": ""PRIME""}');"
"INSERT INTO company_details (company_code, company_name, created_at, source_entity_id, company_category, company_domain, company_metadata) VALUES ('', 'GHODAWAT CONSUMER LIMITED', NOW(), 'e023bd9e-46e2-4964-a8e7-d3e73e62421c', 'CAT A', ARRAY['ghodawatconsumer.com'], '{""segment"": ""PRIME""}');"
"INSERT INTO company_details (company_code, company_name, created_at, source_entity_id, company_category, company_domain, company_metadata) VALUES ('', 'PHOENIX CONVEYOR BELT INDIA PRIVATE LIMITED', NOW(), 'e023bd9e-46e2-4964-a8e7-d3e73e62421c', 'CAT A', ARRAY['phoenix-conveyorbelts.com'], '{""segment"": ""PRIME""}');"
"INSERT INTO company_details (company_code, company_name, created_at, source_entity_id, company_category, company_domain, company_metadata) VALUES ('', 'KOBELCO INDUSTRIAL MACHINERY INDIA PRIVATE LIMITED', NOW(), 'e023bd9e-46e2-4964-a8e7-d3e73e62421c', 'CAT A', ARRAY['kobelco.co.jp'], '{""segment"": ""PRIME""}');"
"INSERT INTO company_details (company_code, company_name, created_at, source_entity_id, company_category, company_domain, company_metadata) VALUES ('', 'MEJA URJA NIGAM PRIVATE LIMITED', NOW(), 'e023bd9e-46e2-4964-a8e7-d3e73e62421c', 'CAT A', ARRAY['munpl.co.in'], '{""segment"": ""PRIME""}');"
"INSERT INTO company_details (company_code, company_name, created_at, source_entity_id, company_category, company_domain, company_metadata) VALUES ('', 'MERCURE METALS AND ALLOYS PRIVATE LIMITED', NOW(), 'e023bd9e-46e2-4964-a8e7-d3e73e62421c', 'CAT A', ARRAY['mercuremetals.in'], '{""segment"": ""PRIME""}');"
"INSERT INTO company_details (company_code, company_name, created_at, source_entity_id, company_category, company_domain, company_metadata) VALUES ('', 'MEHTA GOLD PRIVATE LIMITED', NOW(), 'e023bd9e-46e2-4964-a8e7-d3e73e62421c', 'CAT A', ARRAY['mehtagold.com'], '{""segment"": ""PRIME""}');"
"INSERT INTO company_details (company_code, company_name, created_at, source_entity_id, company_category, company_domain, company_metadata) VALUES ('', 'SHRI JAGDAMBA POLYMERS LIMITED', NOW(), 'e023bd9e-46e2-4964-a8e7-d3e73e62421c', 'CAT A', ARRAY['shrijagdamba.com'], '{""segment"": ""PRIME""}');"
"INSERT INTO company_details (company_code, company_name, created_at, source_entity_id, company_category, company_domain, company_metadata) VALUES ('', 'SHRI KHATU SHYAM ALLOYS PRIVATE LIMITED', NOW(), 'e023bd9e-46e2-4964-a8e7-d3e73e62421c', 'CAT A', ARRAY['khatutmt.com'], '{""segment"": ""PRIME""}');"
"INSERT INTO company_details (company_code, company_name, created_at, source_entity_id, company_category, company_domain, company_metadata) VALUES ('', 'SUCCESSIVE TECHNOLOGIES PRIVATE LIMITED', NOW(), 'e023bd9e-46e2-4964-a8e7-d3e73e62421c', 'CAT A', ARRAY['successive.tech'], '{""segment"": ""PRIME""}');"
"INSERT INTO company_details (company_code, company_name, created_at, source_entity_id, company_category, company_domain, company_metadata) VALUES ('', 'MINOSHA INDIA LIMITED', NOW(), 'e023bd9e-46e2-4964-a8e7-d3e73e62421c', 'CAT A', ARRAY['minosha.in'], '{""segment"": ""PRIME""}');"
"INSERT INTO company_details (company_code, company_name, created_at, source_entity_id, company_category, company_domain, company_metadata) VALUES ('', 'DCM NOUVELLE LIMITED', NOW(), 'e023bd9e-46e2-4964-a8e7-d3e73e62421c', 'CAT A', ARRAY['dcmnvl.com'], '{""segment"": ""PRIME""}');"
"INSERT INTO company_details (company_code, company_name, created_at, source_entity_id, company_category, company_domain, company_metadata) VALUES ('', 'SRM TECHNOLOGIES PRIVATE LIMITED', NOW(), 'e023bd9e-46e2-4964-a8e7-d3e73e62421c', 'CAT A', ARRAY['srmtech.com'], '{""segment"": ""PRIME""}');"
"INSERT INTO company_details (company_code, company_name, created_at, source_entity_id, company_category, company_domain, company_metadata) VALUES ('', 'SURYALATA SPINNING MILLS LIMITED', NOW(), 'e023bd9e-46e2-4964-a8e7-d3e73e62421c', 'CAT A', ARRAY['suryalata.com'], '{""segment"": ""PRIME""}');"
"INSERT INTO company_details (company_code, company_name, created_at, source_entity_id, company_category, company_domain, company_metadata) VALUES ('', 'SYNTHITE INDUSTRIES PRIVATE LIMITED', NOW(), 'e023bd9e-46e2-4964-a8e7-d3e73e62421c', 'CAT A', ARRAY['synthite.com'], '{""segment"": ""PRIME""}');"
"INSERT INTO company_details (company_code, company_name, created_at, source_entity_id, company_category, company_domain, company_metadata) VALUES ('', 'TAGROS CHEMICALS INDIA PRIVATE LIMITED', NOW(), 'e023bd9e-46e2-4964-a8e7-d3e73e62421c', 'CAT A', ARRAY['tagros.com'], '{""segment"": ""PRIME""}');"
"INSERT INTO company_details (company_code, company_name, created_at, source_entity_id, company_category, company_domain, company_metadata) VALUES ('', 'TEGA INDUSTRIES LIMITED', NOW(), 'e023bd9e-46e2-4964-a8e7-d3e73e62421c', 'CAT A', ARRAY['tegaindustries.com'], '{""segment"": ""PRIME""}');"
"INSERT INTO company_details (company_code, company_name, created_at, source_entity_id, company_category, company_domain, company_metadata) VALUES ('', 'TERUMO PENPOL PRIVATE LIMITED', NOW(), 'e023bd9e-46e2-4964-a8e7-d3e73e62421c', 'CAT A', ARRAY['terumopenpol.com'], '{""segment"": ""PRIME""}');"
"INSERT INTO company_details (company_code, company_name, created_at, source_entity_id, company_category, company_domain, company_metadata) VALUES ('', 'TLG INDIA PRIVATE LIMITED', NOW(), 'e023bd9e-46e2-4964-a8e7-d3e73e62421c', 'CAT A', ARRAY['publicisgroupe.com'], '{""segment"": ""PRIME""}');"
"INSERT INTO company_details (company_code, company_name, created_at, source_entity_id, company_category, company_domain, company_metadata) VALUES ('', 'WINGIFY SOFTWARE PRIVATE LIMITED', NOW(), 'e023bd9e-46e2-4964-a8e7-d3e73e62421c', 'CAT A', ARRAY['wingify.com'], '{""segment"": ""PRIME""}');"
"INSERT INTO company_details (company_code, company_name, created_at, source_entity_id, company_category, company_domain, company_metadata) VALUES ('', 'ZIMMER INDIA PRIVATE LIMITED', NOW(), 'e023bd9e-46e2-4964-a8e7-d3e73e62421c', 'CAT A', ARRAY['zimmerindia.com'], '{""segment"": ""PRIME""}');"
"INSERT INTO company_details (company_code, company_name, created_at, source_entity_id, company_category, company_domain, company_metadata) VALUES ('', 'KONKAN RAILWAY CORPORATION LIMITED', NOW(), 'e023bd9e-46e2-4964-a8e7-d3e73e62421c', 'CAT A', ARRAY['konkanrailway.com'], '{""segment"": ""PRIME""}');"
"INSERT INTO company_details (company_code, company_name, created_at, source_entity_id, company_category, company_domain, company_metadata) VALUES ('', 'HEADSTRONG SERVICES INDIA PRIVATE LIMITED', NOW(), 'e023bd9e-46e2-4964-a8e7-d3e73e62421c', 'CAT A', ARRAY['headstrong.com'], '{""segment"": ""PRIME""}');"
"INSERT INTO company_details (company_code, company_name, created_at, source_entity_id, company_category, company_domain, company_metadata) VALUES ('', 'MANJUSHREE TECHNOPACK LIMITED', NOW(), 'e023bd9e-46e2-4964-a8e7-d3e73e62421c', 'CAT A', ARRAY['manjushreeindia.com'], '{""segment"": ""PRIME""}');"
"INSERT INTO company_details (company_code, company_name, created_at, source_entity_id, company_category, company_domain, company_metadata) VALUES ('', 'MARWADI SHARES AND FINANCE LIMITED', NOW(), 'e023bd9e-46e2-4964-a8e7-d3e73e62421c', 'CAT A', ARRAY['marwadionline.com'], '{""segment"": ""PRIME""}');"
"INSERT INTO company_details (company_code, company_name, created_at, source_entity_id, company_category, company_domain, company_metadata) VALUES ('', 'MDINDIA HEALTH INSURANCE TPA PRIVATE LIMITED', NOW(), 'e023bd9e-46e2-4964-a8e7-d3e73e62421c', 'CAT A', ARRAY['mdindiaonline.com'], '{""segment"": ""PRIME""}');"
"INSERT INTO company_details (company_code, company_name, created_at, source_entity_id, company_category, company_domain, company_metadata) VALUES ('', 'MEDIATEK INDIA TECHNOLOGY PRIVATE LIMITED', NOW(), 'e023bd9e-46e2-4964-a8e7-d3e73e62421c', 'CAT A', ARRAY['mediatek.com'], '{""segment"": ""PRIME""}');"
"INSERT INTO company_details (company_code, company_name, created_at, source_entity_id, company_category, company_domain, company_metadata) VALUES ('', 'MM FORGINGS LIMITED', NOW(), 'e023bd9e-46e2-4964-a8e7-d3e73e62421c', 'CAT A', ARRAY['mmforgings.com'], '{""segment"": ""PRIME""}');"
"INSERT INTO company_details (company_code, company_name, created_at, source_entity_id, company_category, company_domain, company_metadata) VALUES ('', 'MORNINGSTAR INDIA PRIVATE LIMITED', NOW(), 'e023bd9e-46e2-4964-a8e7-d3e73e62421c', 'CAT A', ARRAY['morningstar.in'], '{""segment"": ""PRIME""}');"
"INSERT INTO company_details (company_code, company_name, created_at, source_entity_id, company_category, company_domain, company_metadata) VALUES ('', 'MUMBAI INTERNATIONAL AIRPORT LIMITED', NOW(), 'e023bd9e-46e2-4964-a8e7-d3e73e62421c', 'CAT A', ARRAY['csia.in'], '{""segment"": ""PRIME""}');"
"INSERT INTO company_details (company_code, company_name, created_at, source_entity_id, company_category, company_domain, company_metadata) VALUES ('', 'NETAPP INDIA PRIVATE LIMITED', NOW(), 'e023bd9e-46e2-4964-a8e7-d3e73e62421c', 'CAT A', ARRAY['netapp.com'], '{""segment"": ""PRIME""}');"
"INSERT INTO company_details (company_code, company_name, created_at, source_entity_id, company_category, company_domain, company_metadata) VALUES ('', 'NUCLEAR POWER CORPORATION OF INDIA LIMITED', NOW(), 'e023bd9e-46e2-4964-a8e7-d3e73e62421c', 'CAT A', ARRAY['npcil.nic.in'], '{""segment"": ""PRIME""}');"
"INSERT INTO company_details (company_code, company_name, created_at, source_entity_id, company_category, company_domain, company_metadata) VALUES ('', 'OPUS SOFTWARE SOLUTIONS PRIVATE LIMITED', NOW(), 'e023bd9e-46e2-4964-a8e7-d3e73e62421c', 'CAT A', ARRAY['opussoft.com'], '{""segment"": ""PRIME""}');"
"INSERT INTO company_details (company_code, company_name, created_at, source_entity_id, company_category, company_domain, company_metadata) VALUES ('', 'PHOTON INTERACTIVE PRIVATE LIMITED', NOW(), 'e023bd9e-46e2-4964-a8e7-d3e73e62421c', 'CAT A', ARRAY['photon.in'], '{""segment"": ""PRIME""}');"
"INSERT INTO company_details (company_code, company_name, created_at, source_entity_id, company_category, company_domain, company_metadata) VALUES ('', 'RICHEMONT INDIA PRIVATE LIMITED', NOW(), 'e023bd9e-46e2-4964-a8e7-d3e73e62421c', 'CAT A', ARRAY['asa.in'], '{""segment"": ""PRIME""}');"
"INSERT INTO company_details (company_code, company_name, created_at, source_entity_id, company_category, company_domain, company_metadata) VALUES ('', 'SAIPEM INDIA PROJECTS PRIVATE LIMITED', NOW(), 'e023bd9e-46e2-4964-a8e7-d3e73e62421c', 'CAT A', ARRAY['saipem.com'], '{""segment"": ""PRIME""}');"
"INSERT INTO company_details (company_code, company_name, created_at, source_entity_id, company_category, company_domain, company_metadata) VALUES ('', 'SATYENDRA PACKAGING LIMITED', NOW(), 'e023bd9e-46e2-4964-a8e7-d3e73e62421c', 'CAT A', ARRAY['satyendragroup.com'], '{""segment"": ""PRIME""}');"
"INSERT INTO company_details (company_code, company_name, created_at, source_entity_id, company_category, company_domain, company_metadata) VALUES ('', 'SAYAJI INDUSTRIES LIMITED', NOW(), 'e023bd9e-46e2-4964-a8e7-d3e73e62421c', 'CAT A', ARRAY['sayajigroup.in'], '{""segment"": ""PRIME""}');"
"INSERT INTO company_details (company_code, company_name, created_at, source_entity_id, company_category, company_domain, company_metadata) VALUES ('', 'ADP PRIVATE LIMITED', NOW(), 'e023bd9e-46e2-4964-a8e7-d3e73e62421c', 'CAT A', ARRAY['adp.in'], '{""segment"": ""PRIME""}');"
"INSERT INTO company_details (company_code, company_name, created_at, source_entity_id, company_category, company_domain, company_metadata) VALUES ('', 'BARD INDIA HEALTHCARE PRIVATE LIMITED', NOW(), 'e023bd9e-46e2-4964-a8e7-d3e73e62421c', 'CAT A', ARRAY['bdportshala.com'], '{""segment"": ""PRIME""}');"
"INSERT INTO company_details (company_code, company_name, created_at, source_entity_id, company_category, company_domain, company_metadata) VALUES ('', 'BOEHRINGER INGELHEIM INDIA PRIVATE LIMITED', NOW(), 'e023bd9e-46e2-4964-a8e7-d3e73e62421c', 'CAT A', ARRAY['boehringer-ingelheim.com'], '{""segment"": ""PRIME""}');"
"INSERT INTO company_details (company_code, company_name, created_at, source_entity_id, company_category, company_domain, company_metadata) VALUES ('', 'CONTINENTAL DEVICE INDIA PRIVATE LIMITED', NOW(), 'e023bd9e-46e2-4964-a8e7-d3e73e62421c', 'CAT A', ARRAY['cdil.com'], '{""segment"": ""PRIME""}');"
"INSERT INTO company_details (company_code, company_name, created_at, source_entity_id, company_category, company_domain, company_metadata) VALUES ('', 'DELHI MSW SOLUTIONS LIMITED', NOW(), 'e023bd9e-46e2-4964-a8e7-d3e73e62421c', 'CAT A', ARRAY['ramkyenviroengineers.com'], '{""segment"": ""PRIME""}');"
"INSERT INTO company_details (company_code, company_name, created_at, source_entity_id, company_category, company_domain, company_metadata) VALUES ('', 'DWARIKESH SUGAR INDUSTRIES LIMITED', NOW(), 'e023bd9e-46e2-4964-a8e7-d3e73e62421c', 'CAT A', ARRAY['dwarikesh.com'], '{""segment"": ""PRIME""}');"
"INSERT INTO company_details (company_code, company_name, created_at, source_entity_id, company_category, company_domain, company_metadata) VALUES ('', 'EDGEVERVE SYSTEMS LIMITED', NOW(), 'e023bd9e-46e2-4964-a8e7-d3e73e62421c', 'CAT A', ARRAY['edgeverve.com'], '{""segment"": ""PRIME""}');"
"INSERT INTO company_details (company_code, company_name, created_at, source_entity_id, company_category, company_domain, company_metadata) VALUES ('', 'FERRING PHARMACEUTICALS PRIVATE LIMITED', NOW(), 'e023bd9e-46e2-4964-a8e7-d3e73e62421c', 'CAT A', ARRAY['ferring.com'], '{""segment"": ""PRIME""}');"
"INSERT INTO company_details (company_code, company_name, created_at, source_entity_id, company_category, company_domain, company_metadata) VALUES ('', 'GOLD PLUS GLASS INDUSTRY LIMITED', NOW(), 'e023bd9e-46e2-4964-a8e7-d3e73e62421c', 'CAT A', ARRAY['goldplusgroup.com'], '{""segment"": ""PRIME""}');"
"INSERT INTO company_details (company_code, company_name, created_at, source_entity_id, company_category, company_domain, company_metadata) VALUES ('', 'GTPL BROADBAND PRIVATE LIMITED', NOW(), 'e023bd9e-46e2-4964-a8e7-d3e73e62421c', 'CAT A', ARRAY['gtpl.net'], '{""segment"": ""PRIME""}');"
"INSERT INTO company_details (company_code, company_name, created_at, source_entity_id, company_category, company_domain, company_metadata) VALUES ('', 'INDIA JAPAN LIGHTING PRIVATE LIMITED', NOW(), 'e023bd9e-46e2-4964-a8e7-d3e73e62421c', 'CAT A', ARRAY['koito.co.jp'], '{""segment"": ""PRIME""}');"
"INSERT INTO company_details (company_code, company_name, created_at, source_entity_id, company_category, company_domain, company_metadata) VALUES ('', 'ORIENTAL AROMATICS LIMITED', NOW(), 'e023bd9e-46e2-4964-a8e7-d3e73e62421c', 'CAT A', ARRAY['orientalaromatics.com'], '{""segment"": ""PRIME""}');"
"INSERT INTO company_details (company_code, company_name, created_at, source_entity_id, company_category, company_domain, company_metadata) VALUES ('', 'PRINCE PIPES AND FITTINGS LIMITED', NOW(), 'e023bd9e-46e2-4964-a8e7-d3e73e62421c', 'CAT A', ARRAY['princepipes.com'], '{""segment"": ""PRIME""}');"
"INSERT INTO company_details (company_code, company_name, created_at, source_entity_id, company_category, company_domain, company_metadata) VALUES ('', 'GUNNEBO INDIA PRIVATE LIMITED', NOW(), 'e023bd9e-46e2-4964-a8e7-d3e73e62421c', 'CAT A', ARRAY['gunnebo.com'], '{""segment"": ""PRIME""}');"
"INSERT INTO company_details (company_code, company_name, created_at, source_entity_id, company_category, company_domain, company_metadata) VALUES ('', 'IVY MOBILITY SOLUTIONS PRIVATE LIMITED', NOW(), 'e023bd9e-46e2-4964-a8e7-d3e73e62421c', 'CAT A', ARRAY['ivymobility.com'], '{""segment"": ""PRIME""}');"
"INSERT INTO company_details (company_code, company_name, created_at, source_entity_id, company_category, company_domain, company_metadata) VALUES ('', 'FLEETGUARD FILTERS PRIVATE LIMITED', NOW(), 'e023bd9e-46e2-4964-a8e7-d3e73e62421c', 'CAT A', ARRAY['fleetguard-filtrum.com'], '{""segment"": ""PRIME""}');"
"INSERT INTO company_details (company_code, company_name, created_at, source_entity_id, company_category, company_domain, company_metadata) VALUES ('', 'MICROLAND LIMITED', NOW(), 'e023bd9e-46e2-4964-a8e7-d3e73e62421c', 'CAT A', ARRAY['microland.com'], '{""segment"": ""PRIME""}');"
"INSERT INTO company_details (company_code, company_name, created_at, source_entity_id, company_category, company_domain, company_metadata) VALUES ('', 'POWER MECH PROJECTS LIMITED', NOW(), 'e023bd9e-46e2-4964-a8e7-d3e73e62421c', 'CAT A', ARRAY['powermechprojects.com'], '{""segment"": ""PRIME""}');"
"INSERT INTO company_details (company_code, company_name, created_at, source_entity_id, company_category, company_domain, company_metadata) VALUES ('', 'HEALTHCARE GLOBAL ENTERPRISES LIMITED', NOW(), 'e023bd9e-46e2-4964-a8e7-d3e73e62421c', 'CAT A', ARRAY['hcgoncology.com'], '{""segment"": ""PRIME""}');"
"INSERT INTO company_details (company_code, company_name, created_at, source_entity_id, company_category, company_domain, company_metadata) VALUES ('', 'DR. OETKER INDIA PRIVATE LIMITED', NOW(), 'e023bd9e-46e2-4964-a8e7-d3e73e62421c', 'CAT A', ARRAY['oetker.in'], '{""segment"": ""PRIME""}');"
"INSERT INTO company_details (company_code, company_name, created_at, source_entity_id, company_category, company_domain, company_metadata) VALUES ('', 'D.B. CORP LIMITED', NOW(), 'e023bd9e-46e2-4964-a8e7-d3e73e62421c', 'CAT A', ARRAY['dbcorpltd.com'], '{""segment"": ""PRIME""}');"
"INSERT INTO company_details (company_code, company_name, created_at, source_entity_id, company_category, company_domain, company_metadata) VALUES ('', 'REDINGTON LIMITED', NOW(), 'e023bd9e-46e2-4964-a8e7-d3e73e62421c', 'CAT A', ARRAY['redingtongroup.com'], '{""segment"": ""PRIME""}');"
"INSERT INTO company_details (company_code, company_name, created_at, source_entity_id, company_category, company_domain, company_metadata) VALUES ('', 'WIPRO PARI PRIVATE LIMITED', NOW(), 'e023bd9e-46e2-4964-a8e7-d3e73e62421c', 'CAT A', ARRAY['wipropari.com'], '{""segment"": ""PRIME""}');"
"INSERT INTO company_details (company_code, company_name, created_at, source_entity_id, company_category, company_domain, company_metadata) VALUES ('', 'NAVA LIMITED', NOW(), 'e023bd9e-46e2-4964-a8e7-d3e73e62421c', 'CAT A', ARRAY['navalimited.com'], '{""segment"": ""PRIME""}');"
"INSERT INTO company_details (company_code, company_name, created_at, source_entity_id, company_category, company_domain, company_metadata) VALUES ('', 'SWITCH MOBILITY AUTOMOTIVE LIMITED', NOW(), 'e023bd9e-46e2-4964-a8e7-d3e73e62421c', 'CAT A', ARRAY['switchmobility.tech/contact'], '{""segment"": ""PRIME""}');"
"INSERT INTO company_details (company_code, company_name, created_at, source_entity_id, company_category, company_domain, company_metadata) VALUES ('', 'TATA INTERNATIONAL VEHICLE APPLICATIONS PRIVATE LIMITED', NOW(), 'e023bd9e-46e2-4964-a8e7-d3e73e62421c', 'CAT A', ARRAY['tildlt.com'], '{""segment"": ""PRIME""}');"
"INSERT INTO company_details (company_code, company_name, created_at, source_entity_id, company_category, company_domain, company_metadata) VALUES ('', 'HEUBACH COLORANTS INDIA LIMITED', NOW(), 'e023bd9e-46e2-4964-a8e7-d3e73e62421c', 'CAT A', ARRAY['heubach.com'], '{""segment"": ""PRIME""}');"
"INSERT INTO company_details (company_code, company_name, created_at, source_entity_id, company_category, company_domain, company_metadata) VALUES ('', 'NESTLE R&D CENTRE INDIA PRIVATE LIMITED', NOW(), 'e023bd9e-46e2-4964-a8e7-d3e73e62421c', 'CAT A', ARRAY['nestle.com'], '{""segment"": ""PRIME""}');"
"INSERT INTO company_details (company_code, company_name, created_at, source_entity_id, company_category, company_domain, company_metadata) VALUES ('', 'ORO PRECIOUS METALS PRIVATE LIMITED', NOW(), 'e023bd9e-46e2-4964-a8e7-d3e73e62421c', 'CAT A', ARRAY['worldoforo.com'], '{""segment"": ""PRIME""}');"
"INSERT INTO company_details (company_code, company_name, created_at, source_entity_id, company_category, company_domain, company_metadata) VALUES ('', 'JAMMU PIGMENTS LIMITED', NOW(), 'e023bd9e-46e2-4964-a8e7-d3e73e62421c', 'CAT A', ARRAY['jammupigments.com'], '{""segment"": ""PRIME""}');"
"INSERT INTO company_details (company_code, company_name, created_at, source_entity_id, company_category, company_domain, company_metadata) VALUES ('', 'JAYA INDUSTRIES PRIVATE LIMITED', NOW(), 'e023bd9e-46e2-4964-a8e7-d3e73e62421c', 'CAT A', ARRAY['jayaindustriesgroup.com'], '{""segment"": ""PRIME""}');"
"INSERT INTO company_details (company_code, company_name, created_at, source_entity_id, company_category, company_domain, company_metadata) VALUES ('', 'INDORAMA INDIA PRIVATE LIMITED', NOW(), 'e023bd9e-46e2-4964-a8e7-d3e73e62421c', 'CAT A', ARRAY['ircagro.com'], '{""segment"": ""PRIME""}');"
"INSERT INTO company_details (company_code, company_name, created_at, source_entity_id, company_category, company_domain, company_metadata) VALUES ('', 'BHARATKUMAR INDRASEN TRADING PRIVATE LIMITED', NOW(), 'e023bd9e-46e2-4964-a8e7-d3e73e62421c', 'CAT A', ARRAY['bharatkumarindrasen.com'], '{""segment"": ""PRIME""}');"
"INSERT INTO company_details (company_code, company_name, created_at, source_entity_id, company_category, company_domain, company_metadata) VALUES ('', 'BOFA SECURITIES INDIA LIMITED', NOW(), 'e023bd9e-46e2-4964-a8e7-d3e73e62421c', 'CAT A', ARRAY['dspml.com'], '{""segment"": ""PRIME""}');"
"INSERT INTO company_details (company_code, company_name, created_at, source_entity_id, company_category, company_domain, company_metadata) VALUES ('', 'NLC TAMIL NADU POWER LIMITED', NOW(), 'e023bd9e-46e2-4964-a8e7-d3e73e62421c', 'CAT A', ARRAY['nlcindia.com'], '{""segment"": ""PRIME""}');"
"INSERT INTO company_details (company_code, company_name, created_at, source_entity_id, company_category, company_domain, company_metadata) VALUES ('', 'FAURECIA EMISSIONS CONTROL TECHNOLOGIES INDIA PRIVATE LIMITED', NOW(), 'e023bd9e-46e2-4964-a8e7-d3e73e62421c', 'CAT A', ARRAY['faurecia.com'], '{""segment"": ""PRIME""}');"
"INSERT INTO company_details (company_code, company_name, created_at, source_entity_id, company_category, company_domain, company_metadata) VALUES ('', 'FORTUNE GOURMET SPECIALITIES PRIVATE LIMITED', NOW(), 'e023bd9e-46e2-4964-a8e7-d3e73e62421c', 'CAT A', ARRAY['fortunegourmet.com'], '{""segment"": ""PRIME""}');"
"INSERT INTO company_details (company_code, company_name, created_at, source_entity_id, company_category, company_domain, company_metadata) VALUES ('', 'OMORI INDIA PRIVATE LIMITED', NOW(), 'e023bd9e-46e2-4964-a8e7-d3e73e62421c', 'CAT A', ARRAY['omori.co.in'], '{""segment"": ""PRIME""}');"
"INSERT INTO company_details (company_code, company_name, created_at, source_entity_id, company_category, company_domain, company_metadata) VALUES ('', 'MSS INDIA PRIVATE LIMITED', NOW(), 'e023bd9e-46e2-4964-a8e7-d3e73e62421c', 'CAT A', ARRAY['mssindia.co.in'], '{""segment"": ""PRIME""}');"
"INSERT INTO company_details (company_code, company_name, created_at, source_entity_id, company_category, company_domain, company_metadata) VALUES ('', 'OLYMPIC DECOR LLP', NOW(), 'e023bd9e-46e2-4964-a8e7-d3e73e62421c', 'CAT A', ARRAY['royalcrownlaminates.com'], '{""segment"": ""PRIME""}');"
"INSERT INTO company_details (company_code, company_name, created_at, source_entity_id, company_category, company_domain, company_metadata) VALUES ('', 'MANPOWERGROUP SERVICES INDIA PRIVATE LIMITED', NOW(), 'e023bd9e-46e2-4964-a8e7-d3e73e62421c', 'CAT A', ARRAY['manpowergroup.co.in'], '{""segment"": ""PRIME""}');"
"INSERT INTO company_details (company_code, company_name, created_at, source_entity_id, company_category, company_domain, company_metadata) VALUES ('', 'KSL HOLDINGS PRIVATE LIMITED', NOW(), 'e023bd9e-46e2-4964-a8e7-d3e73e62421c', 'CAT A', ARRAY['kalyaniglobal.com'], '{""segment"": ""PRIME""}');"
"INSERT INTO company_details (company_code, company_name, created_at, source_entity_id, company_category, company_domain, company_metadata) VALUES ('', 'KUMARAGIRI SPINNERSS PRIVATE LIMITED', NOW(), 'e023bd9e-46e2-4964-a8e7-d3e73e62421c', 'CAT A', ARRAY['kumaragiri.com'], '{""segment"": ""PRIME""}');"
"INSERT INTO company_details (company_code, company_name, created_at, source_entity_id, company_category, company_domain, company_metadata) VALUES ('', 'METSO OUTOTEC INDIA PRIVATE LIMITED', NOW(), 'e023bd9e-46e2-4964-a8e7-d3e73e62421c', 'CAT A', ARRAY['metso.com'], '{""segment"": ""PRIME""}');"
"INSERT INTO company_details (company_code, company_name, created_at, source_entity_id, company_category, company_domain, company_metadata) VALUES ('', 'KBR INFRATECH LIMITED', NOW(), 'e023bd9e-46e2-4964-a8e7-d3e73e62421c', 'CAT A', ARRAY['kbrinfra.com'], '{""segment"": ""PRIME""}');"
"INSERT INTO company_details (company_code, company_name, created_at, source_entity_id, company_category, company_domain, company_metadata) VALUES ('', 'SHRIRAM POLYTECH LIMITED', NOW(), 'e023bd9e-46e2-4964-a8e7-d3e73e62421c', 'CAT A', ARRAY['shriramaxiall.com'], '{""segment"": ""PRIME""}');"
"INSERT INTO company_details (company_code, company_name, created_at, source_entity_id, company_category, company_domain, company_metadata) VALUES ('', 'ASSET RECONSTRUCTION COMPANY (INDIA) LIMITED', NOW(), 'e023bd9e-46e2-4964-a8e7-d3e73e62421c', 'CAT A', ARRAY['arcil.co.in'], '{""segment"": ""PRIME""}');"
"INSERT INTO company_details (company_code, company_name, created_at, source_entity_id, company_category, company_domain, company_metadata) VALUES ('', 'AVADH SUGAR & ENERGY LIMITED', NOW(), 'e023bd9e-46e2-4964-a8e7-d3e73e62421c', 'CAT A', ARRAY['birla-sugar.com'], '{""segment"": ""PRIME""}');"
"INSERT INTO company_details (company_code, company_name, created_at, source_entity_id, company_category, company_domain, company_metadata) VALUES ('', 'B.BRAUN MEDICAL (INDIA) PRIVATE LIMITED', NOW(), 'e023bd9e-46e2-4964-a8e7-d3e73e62421c', 'CAT A', ARRAY['bbraun.co.in'], '{""segment"": ""PRIME""}');"
"INSERT INTO company_details (company_code, company_name, created_at, source_entity_id, company_category, company_domain, company_metadata) VALUES ('', 'COFCO INTERNATIONAL INDIA PRIVATE LIMITED', NOW(), 'e023bd9e-46e2-4964-a8e7-d3e73e62421c', 'CAT A', ARRAY['noblecoffee.com'], '{""segment"": ""PRIME""}');"
"INSERT INTO company_details (company_code, company_name, created_at, source_entity_id, company_category, company_domain, company_metadata) VALUES ('', 'COFORGE LIMITED', NOW(), 'e023bd9e-46e2-4964-a8e7-d3e73e62421c', 'CAT A', ARRAY['niit-tech.com'], '{""segment"": ""PRIME""}');"
"INSERT INTO company_details (company_code, company_name, created_at, source_entity_id, company_category, company_domain, company_metadata) VALUES ('', 'NTT INDIA PRIVATE LIMITED', NOW(), 'e023bd9e-46e2-4964-a8e7-d3e73e62421c', 'CAT A', ARRAY['dimensiondata.com'], '{""segment"": ""PRIME""}');"
"INSERT INTO company_details (company_code, company_name, created_at, source_entity_id, company_category, company_domain, company_metadata) VALUES ('', 'P. N. GADGIL & SONS LIMITED', NOW(), 'e023bd9e-46e2-4964-a8e7-d3e73e62421c', 'CAT A', ARRAY['pngadgilandsons.com'], '{""segment"": ""PRIME""}');"
"INSERT INTO company_details (company_code, company_name, created_at, source_entity_id, company_category, company_domain, company_metadata) VALUES ('', 'SIKKA PORTS & TERMINALS LIMITED', NOW(), 'e023bd9e-46e2-4964-a8e7-d3e73e62421c', 'CAT A', ARRAY['sptl.co.in'], '{""segment"": ""PRIME""}');"
"INSERT INTO company_details (company_code, company_name, created_at, source_entity_id, company_category, company_domain, company_metadata) VALUES ('', 'FIRST AMERICAN (INDIA) PRIVATE LIMITED', NOW(), 'e023bd9e-46e2-4964-a8e7-d3e73e62421c', 'CAT A', ARRAY['firstam.com'], '{""segment"": ""PRIME""}');"
"INSERT INTO company_details (company_code, company_name, created_at, source_entity_id, company_category, company_domain, company_metadata) VALUES ('', 'KRIBHCO FERTILIZERS LIMITED', NOW(), 'e023bd9e-46e2-4964-a8e7-d3e73e62421c', 'CAT A', ARRAY['kfl.net.in'], '{""segment"": ""PRIME""}');"
"INSERT INTO company_details (company_code, company_name, created_at, source_entity_id, company_category, company_domain, company_metadata) VALUES ('', 'MARELLI MOTHERSON AUTO SUSPENSION PARTS PRIVATE LIMITED', NOW(), 'e023bd9e-46e2-4964-a8e7-d3e73e62421c', 'CAT A', ARRAY['motherson.com'], '{""segment"": ""PRIME""}');"
"INSERT INTO company_details (company_code, company_name, created_at, source_entity_id, company_category, company_domain, company_metadata) VALUES ('', 'MERCER CONSULTING (INDIA) PRIVATE LIMITED', NOW(), 'e023bd9e-46e2-4964-a8e7-d3e73e62421c', 'CAT A', ARRAY['mercer.com'], '{""segment"": ""PRIME""}');"
"INSERT INTO company_details (company_code, company_name, created_at, source_entity_id, company_category, company_domain, company_metadata) VALUES ('', 'WESTERN M P INFRASTRUCTURE & TOLL ROADS PRIVATE LIMITED', NOW(), 'e023bd9e-46e2-4964-a8e7-d3e73e62421c', 'CAT A', ARRAY['ew.esselgroup.com'], '{""segment"": ""PRIME""}');"
"INSERT INTO company_details (company_code, company_name, created_at, source_entity_id, company_category, company_domain, company_metadata) VALUES ('', 'C&S ELECTRIC LIMITED', NOW(), 'e023bd9e-46e2-4964-a8e7-d3e73e62421c', 'CAT A', ARRAY['cselectric.co.in'], '{""segment"": ""PRIME""}');"
"INSERT INTO company_details (company_code, company_name, created_at, source_entity_id, company_category, company_domain, company_metadata) VALUES ('', 'EXPLEO SOLUTIONS LIMITED', NOW(), 'e023bd9e-46e2-4964-a8e7-d3e73e62421c', 'CAT A', ARRAY['expleogroup.com'], '{""segment"": ""PRIME""}');"
"INSERT INTO company_details (company_code, company_name, created_at, source_entity_id, company_category, company_domain, company_metadata) VALUES ('', 'SIS LIMITED', NOW(), 'e023bd9e-46e2-4964-a8e7-d3e73e62421c', 'CAT A', ARRAY['sisindia.com'], '{""segment"": ""PRIME""}');"
"INSERT INTO company_details (company_code, company_name, created_at, source_entity_id, company_category, company_domain, company_metadata) VALUES ('', 'SHREE GANESH METALIKS LIMITED', NOW(), 'e023bd9e-46e2-4964-a8e7-d3e73e62421c', 'CAT A', ARRAY['shreeganeshmetaliks.com'], '{""segment"": ""PRIME""}');"
"INSERT INTO company_details (company_code, company_name, created_at, source_entity_id, company_category, company_domain, company_metadata) VALUES ('', 'SUDHAKAR PVC PRODUCTS PRIVATE LIMITED', NOW(), 'e023bd9e-46e2-4964-a8e7-d3e73e62421c', 'CAT A', ARRAY['sudhakarpipes.com'], '{""segment"": ""PRIME""}');"
"INSERT INTO company_details (company_code, company_name, created_at, source_entity_id, company_category, company_domain, company_metadata) VALUES ('', 'SIM DIAM PRIVATE LIMITED', NOW(), 'e023bd9e-46e2-4964-a8e7-d3e73e62421c', 'CAT A', ARRAY['simdiam.com'], '{""segment"": ""PRIME""}');"
"INSERT INTO company_details (company_code, company_name, created_at, source_entity_id, company_category, company_domain, company_metadata) VALUES ('', 'SHAKTI POLYWEAVE PRIVATE LIMITED', NOW(), 'e023bd9e-46e2-4964-a8e7-d3e73e62421c', 'CAT A', ARRAY['shaktipolyweave.com'], '{""segment"": ""PRIME""}');"
"INSERT INTO company_details (company_code, company_name, created_at, source_entity_id, company_category, company_domain, company_metadata) VALUES ('', 'RAJASTHAN GUM PRIVATE LIMITED', NOW(), 'e023bd9e-46e2-4964-a8e7-d3e73e62421c', 'CAT A', ARRAY['rajasthangum.com'], '{""segment"": ""PRIME""}');"
"INSERT INTO company_details (company_code, company_name, created_at, source_entity_id, company_category, company_domain, company_metadata) VALUES ('', 'RITHWIK PROJECTS PRIVATE LIMITED', NOW(), 'e023bd9e-46e2-4964-a8e7-d3e73e62421c', 'CAT A', ARRAY['rithwikprojects.com'], '{""segment"": ""PRIME""}');"
"INSERT INTO company_details (company_code, company_name, created_at, source_entity_id, company_category, company_domain, company_metadata) VALUES ('', 'SWARNA TOLLWAY PRIVATE LIMITED', NOW(), 'e023bd9e-46e2-4964-a8e7-d3e73e62421c', 'CAT A', ARRAY['swarnatoll.com'], '{""segment"": ""PRIME""}');"
"INSERT INTO company_details (company_code, company_name, created_at, source_entity_id, company_category, company_domain, company_metadata) VALUES ('', 'SUNALCO ALLOYS PRIVATE LIMITED', NOW(), 'e023bd9e-46e2-4964-a8e7-d3e73e62421c', 'CAT A', ARRAY['sunalcoalloys.com'], '{""segment"": ""PRIME""}');"
"INSERT INTO company_details (company_code, company_name, created_at, source_entity_id, company_category, company_domain, company_metadata) VALUES ('', 'SHIV EDIBLES LIMITED', NOW(), 'e023bd9e-46e2-4964-a8e7-d3e73e62421c', 'CAT A', ARRAY['shivgroupindustries.com'], '{""segment"": ""PRIME""}');"
"INSERT INTO company_details (company_code, company_name, created_at, source_entity_id, company_category, company_domain, company_metadata) VALUES ('', 'SUPREME AGROFOODS PRIVATE LIMITED', NOW(), 'e023bd9e-46e2-4964-a8e7-d3e73e62421c', 'CAT A', ARRAY['supremeagro.com'], '{""segment"": ""PRIME""}');"
"INSERT INTO company_details (company_code, company_name, created_at, source_entity_id, company_category, company_domain, company_metadata) VALUES ('', 'SMW ISPAT PRIVATE LIMITED', NOW(), 'e023bd9e-46e2-4964-a8e7-d3e73e62421c', 'CAT A', ARRAY['mahalaxmisteel.com'], '{""segment"": ""PRIME""}');"
"INSERT INTO company_details (company_code, company_name, created_at, source_entity_id, company_category, company_domain, company_metadata) VALUES ('', 'SHYAM STEEL MANUFACTURING LIMITED', NOW(), 'e023bd9e-46e2-4964-a8e7-d3e73e62421c', 'CAT A', ARRAY['shyamsteel.com'], '{""segment"": ""PRIME""}');"
"INSERT INTO company_details (company_code, company_name, created_at, source_entity_id, company_category, company_domain, company_metadata) VALUES ('', 'SIDHARTH PAPERS PRIVATE LIMITED', NOW(), 'e023bd9e-46e2-4964-a8e7-d3e73e62421c', 'CAT A', ARRAY['sidharthpapers.com'], '{""segment"": ""PRIME""}');"
"INSERT INTO company_details (company_code, company_name, created_at, source_entity_id, company_category, company_domain, company_metadata) VALUES ('', 'RMG POLYVINYL INDIA LIMITED', NOW(), 'e023bd9e-46e2-4964-a8e7-d3e73e62421c', 'CAT A', ARRAY['rmgpoly.com'], '{""segment"": ""PRIME""}');"
"INSERT INTO company_details (company_code, company_name, created_at, source_entity_id, company_category, company_domain, company_metadata) VALUES ('', 'SAMYAK METALS PRIVATE LIMITED', NOW(), 'e023bd9e-46e2-4964-a8e7-d3e73e62421c', 'CAT A', ARRAY['samyakmetals.com'], '{""segment"": ""PRIME""}');"
"INSERT INTO company_details (company_code, company_name, created_at, source_entity_id, company_category, company_domain, company_metadata) VALUES ('', 'SWAYAM SHIPPING SERVICES PRIVATE LIMITED', NOW(), 'e023bd9e-46e2-4964-a8e7-d3e73e62421c', 'CAT A', ARRAY['swayamshipping.com'], '{""segment"": ""PRIME""}');"
"INSERT INTO company_details (company_code, company_name, created_at, source_entity_id, company_category, company_domain, company_metadata) VALUES ('', 'VISHWA SAMUDRA ENGINEERING PRIVATE LIMITED', NOW(), 'e023bd9e-46e2-4964-a8e7-d3e73e62421c', 'CAT A', ARRAY['necltd.com'], '{""segment"": ""PRIME""}');"
"INSERT INTO company_details (company_code, company_name, created_at, source_entity_id, company_category, company_domain, company_metadata) VALUES ('', 'VIPPY INDUSTRIES LIMITED', NOW(), 'e023bd9e-46e2-4964-a8e7-d3e73e62421c', 'CAT A', ARRAY['vippysoya.com'], '{""segment"": ""PRIME""}');"
"INSERT INTO company_details (company_code, company_name, created_at, source_entity_id, company_category, company_domain, company_metadata) VALUES ('', 'TAMILNADU FISHERIES DEVELOPMENT CORPORATION LIMITED', NOW(), 'e023bd9e-46e2-4964-a8e7-d3e73e62421c', 'CAT A', ARRAY['tnfdcltd.co.in'], '{""segment"": ""PRIME""}');"
"INSERT INTO company_details (company_code, company_name, created_at, source_entity_id, company_category, company_domain, company_metadata) VALUES ('', 'TANNA AGRO IMPEX PRIVATE LIMITED', NOW(), 'e023bd9e-46e2-4964-a8e7-d3e73e62421c', 'CAT A', ARRAY['tannaagro.com'], '{""segment"": ""PRIME""}');"
"INSERT INTO company_details (company_code, company_name, created_at, source_entity_id, company_category, company_domain, company_metadata) VALUES ('', 'TMEIC INDUSTRIAL SYSTEMS INDIA PRIVATE LIMITED', NOW(), 'e023bd9e-46e2-4964-a8e7-d3e73e62421c', 'CAT A', ARRAY['tmeic.in'], '{""segment"": ""PRIME""}');"
"INSERT INTO company_details (company_code, company_name, created_at, source_entity_id, company_category, company_domain, company_metadata) VALUES ('', 'TML BUSINESS SERVICES LIMITED', NOW(), 'e023bd9e-46e2-4964-a8e7-d3e73e62421c', 'CAT A', ARRAY['tmlbsl.com/contact-us'], '{""segment"": ""PRIME""}');"
"INSERT INTO company_details (company_code, company_name, created_at, source_entity_id, company_category, company_domain, company_metadata) VALUES ('', 'VEDANTU INNOVATIONS PRIVATE LIMITED', NOW(), 'e023bd9e-46e2-4964-a8e7-d3e73e62421c', 'CAT A', ARRAY['vedantu.com'], '{""segment"": ""PRIME""}');"
"INSERT INTO company_details (company_code, company_name, created_at, source_entity_id, company_category, company_domain, company_metadata) VALUES ('', 'SAVAN RETAILERS PRIVATE LIMITED', NOW(), 'e023bd9e-46e2-4964-a8e7-d3e73e62421c', 'CAT A', ARRAY['savanretailers.in'], '{""segment"": ""PRIME""}');"
"INSERT INTO company_details (company_code, company_name, created_at, source_entity_id, company_category, company_domain, company_metadata) VALUES ('', 'R H L PROFILES LIMITED', NOW(), 'e023bd9e-46e2-4964-a8e7-d3e73e62421c', 'CAT A', ARRAY['rhlprofiles.com'], '{""segment"": ""PRIME""}');"
"INSERT INTO company_details (company_code, company_name, created_at, source_entity_id, company_category, company_domain, company_metadata) VALUES ('', 'RCCPL PRIVATE LIMITED', NOW(), 'e023bd9e-46e2-4964-a8e7-d3e73e62421c', 'CAT A', ARRAY['birlacorporation.com'], '{""segment"": ""PRIME""}');"
"INSERT INTO company_details (company_code, company_name, created_at, source_entity_id, company_category, company_domain, company_metadata) VALUES ('', 'RWS MORAVIA INDIA PRIVATE LIMITED', NOW(), 'e023bd9e-46e2-4964-a8e7-d3e73e62421c', 'CAT A', ARRAY['rws.com'], '{""segment"": ""PRIME""}');"
"INSERT INTO company_details (company_code, company_name, created_at, source_entity_id, company_category, company_domain, company_metadata) VALUES ('', 'WALKAROO INTERNATIONAL PRIVATE LIMITED', NOW(), 'e023bd9e-46e2-4964-a8e7-d3e73e62421c', 'CAT A', ARRAY['walkaroo.in'], '{""segment"": ""PRIME""}');"
"INSERT INTO company_details (company_code, company_name, created_at, source_entity_id, company_category, company_domain, company_metadata) VALUES ('', 'WEST BENGALSTATE ELECTRICITY TRANSMISSION COMPANY LIMITED', NOW(), 'e023bd9e-46e2-4964-a8e7-d3e73e62421c', 'CAT A', ARRAY['wbsetcl.in'], '{""segment"": ""PRIME""}');"
"INSERT INTO company_details (company_code, company_name, created_at, source_entity_id, company_category, company_domain, company_metadata) VALUES ('', 'WESTERN INDIA CASHEW COMPANY PRIVATE LIMITED', NOW(), 'e023bd9e-46e2-4964-a8e7-d3e73e62421c', 'CAT A', ARRAY['wenders.com'], '{""segment"": ""PRIME""}');"
"INSERT INTO company_details (company_code, company_name, created_at, source_entity_id, company_category, company_domain, company_metadata) VALUES ('', 'TEVA PHARMACEUTICAL AND CHEMICAL INDUSTRIES INDIA PRIVATE LIMITED', NOW(), 'e023bd9e-46e2-4964-a8e7-d3e73e62421c', 'CAT A', ARRAY['tapi.com'], '{""segment"": ""PRIME""}');"
"INSERT INTO company_details (company_code, company_name, created_at, source_entity_id, company_category, company_domain, company_metadata) VALUES ('', 'THE INDIA THERMIT CORPORATION LIMITED', NOW(), 'e023bd9e-46e2-4964-a8e7-d3e73e62421c', 'CAT A', ARRAY['indiathermit.com'], '{""segment"": ""PRIME""}');"
"INSERT INTO company_details (company_code, company_name, created_at, source_entity_id, company_category, company_domain, company_metadata) VALUES ('', 'TUBACEX TUBES AND PIPES PRIVATE LIMITED', NOW(), 'e023bd9e-46e2-4964-a8e7-d3e73e62421c', 'CAT A', ARRAY['tubacex.com'], '{""segment"": ""PRIME""}');"
"INSERT INTO company_details (company_code, company_name, created_at, source_entity_id, company_category, company_domain, company_metadata) VALUES ('', 'VEER PLASTICS PRIVATE LIMITED', NOW(), 'e023bd9e-46e2-4964-a8e7-d3e73e62421c', 'CAT A', ARRAY['veerplastics.com'], '{""segment"": ""PRIME""}');"
"INSERT INTO company_details (company_code, company_name, created_at, source_entity_id, company_category, company_domain, company_metadata) VALUES ('', 'SAHYADRI STARCH AND INDUSTRIES PRIVATE LIMITED', NOW(), 'e023bd9e-46e2-4964-a8e7-d3e73e62421c', 'CAT A', ARRAY['sahyadristarch.com'], '{""segment"": ""PRIME""}');"
"INSERT INTO company_details (company_code, company_name, created_at, source_entity_id, company_category, company_domain, company_metadata) VALUES ('', 'ROYAL CASTOR PRODUCTS LIMITED', NOW(), 'e023bd9e-46e2-4964-a8e7-d3e73e62421c', 'CAT A', ARRAY['royalcastor.in'], '{""segment"": ""PRIME""}');"
"INSERT INTO company_details (company_code, company_name, created_at, source_entity_id, company_category, company_domain, company_metadata) VALUES ('', 'VINEET POLYFAB PRIVATE LIMITED', NOW(), 'e023bd9e-46e2-4964-a8e7-d3e73e62421c', 'CAT A', ARRAY['vineetpolyfab.com'], '{""segment"": ""PRIME""}');"
"INSERT INTO company_details (company_code, company_name, created_at, source_entity_id, company_category, company_domain, company_metadata) VALUES ('', 'VISA MINMETAL LIMITED', NOW(), 'e023bd9e-46e2-4964-a8e7-d3e73e62421c', 'CAT A', ARRAY['visagroup.com'], '{""segment"": ""PRIME""}');"
"INSERT INTO company_details (company_code, company_name, created_at, source_entity_id, company_category, company_domain, company_metadata) VALUES ('', 'VISHNU PRAKASH R PUNGLIA LIMITED', NOW(), 'e023bd9e-46e2-4964-a8e7-d3e73e62421c', 'CAT A', ARRAY['vprp.co.in'], '{""segment"": ""PRIME""}');"
"INSERT INTO company_details (company_code, company_name, created_at, source_entity_id, company_category, company_domain, company_metadata) VALUES ('', 'TRINEVA INFRA PROJECTS PRIVATE LIMITED', NOW(), 'e023bd9e-46e2-4964-a8e7-d3e73e62421c', 'CAT A', ARRAY['trineva.in'], '{""segment"": ""PRIME""}');"
"INSERT INTO company_details (company_code, company_name, created_at, source_entity_id, company_category, company_domain, company_metadata) VALUES ('', 'VISION SPONGE IRON PRIVATE LIMITED', NOW(), 'e023bd9e-46e2-4964-a8e7-d3e73e62421c', 'CAT A', ARRAY['visionsponge.com'], '{""segment"": ""PRIME""}');"
"INSERT INTO company_details (company_code, company_name, created_at, source_entity_id, company_category, company_domain, company_metadata) VALUES ('', 'VISNUKUMAR TRADERS PRIVATE LIMITED', NOW(), 'e023bd9e-46e2-4964-a8e7-d3e73e62421c', 'CAT A', ARRAY['vktpl.com'], '{""segment"": ""PRIME""}');"
"INSERT INTO company_details (company_code, company_name, created_at, source_entity_id, company_category, company_domain, company_metadata) VALUES ('', 'RAMESWAR UDYOG PRIVATE LIMITED', NOW(), 'e023bd9e-46e2-4964-a8e7-d3e73e62421c', 'CAT A', ARRAY['rameswar.com'], '{""segment"": ""PRIME""}');"
"INSERT INTO company_details (company_code, company_name, created_at, source_entity_id, company_category, company_domain, company_metadata) VALUES ('', 'ZF COMMERCIAL VEHICLE CONTROL SYSTEMS INDIA LIMITED', NOW(), 'e023bd9e-46e2-4964-a8e7-d3e73e62421c', 'CAT A', ARRAY['wabco-auto.com'], '{""segment"": ""PRIME""}');"
"INSERT INTO company_details (company_code, company_name, created_at, source_entity_id, company_category, company_domain, company_metadata) VALUES ('', 'ZF RANE AUTOMOTIVE INDIA PRIVATE LIMITED', NOW(), 'e023bd9e-46e2-4964-a8e7-d3e73e62421c', 'CAT A', ARRAY['ranegroup.co.in'], '{""segment"": ""PRIME""}');"
"INSERT INTO company_details (company_code, company_name, created_at, source_entity_id, company_category, company_domain, company_metadata) VALUES ('', 'RIMJHIM ISPAT LIMITED', NOW(), 'e023bd9e-46e2-4964-a8e7-d3e73e62421c', 'CAT A', ARRAY['rimjhimispat.com'], '{""segment"": ""PRIME""}');"
"INSERT INTO company_details (company_code, company_name, created_at, source_entity_id, company_category, company_domain, company_metadata) VALUES ('', 'TIGER ANALYTICS INDIA CONSULTING PRIVATE LIMITED', NOW(), 'e023bd9e-46e2-4964-a8e7-d3e73e62421c', 'CAT A', ARRAY['tigeranalytics.com'], '{""segment"": ""PRIME""}');"
"INSERT INTO company_details (company_code, company_name, created_at, source_entity_id, company_category, company_domain, company_metadata) VALUES ('', 'ZERODHA BROKING LIMITED', NOW(), 'e023bd9e-46e2-4964-a8e7-d3e73e62421c', 'CAT A', ARRAY['zerodha.com'], '{""segment"": ""PRIME""}');"
"INSERT INTO company_details (company_code, company_name, created_at, source_entity_id, company_category, company_domain, company_metadata) VALUES ('', 'RAGHUVIR EXIM LIMITED', NOW(), 'e023bd9e-46e2-4964-a8e7-d3e73e62421c', 'CAT A', ARRAY['raghuvirexim.com'], '{""segment"": ""PRIME""}');"
"INSERT INTO company_details (company_code, company_name, created_at, source_entity_id, company_category, company_domain, company_metadata) VALUES ('', 'RHI MAGNESITA INDIA LIMITED', NOW(), 'e023bd9e-46e2-4964-a8e7-d3e73e62421c', 'CAT A', ARRAY['rhimagnesitaindia.com'], '{""segment"": ""PRIME""}');"
"INSERT INTO company_details (company_code, company_name, created_at, source_entity_id, company_category, company_domain, company_metadata) VALUES ('', 'INTEGRA ENGINEERING INDIA LIMITED', NOW(), 'e023bd9e-46e2-4964-a8e7-d3e73e62421c', 'CAT A', ARRAY['integraengineering.in'], '{""segment"": ""PRIME""}');"
"INSERT INTO company_details (company_code, company_name, created_at, source_entity_id, company_category, company_domain, company_metadata) VALUES ('', 'IPG ASIA PRIVATE LIMITED', NOW(), 'e023bd9e-46e2-4964-a8e7-d3e73e62421c', 'CAT A', ARRAY['powerband.in/www.itape.com'], '{""segment"": ""PRIME""}');"
"INSERT INTO company_details (company_code, company_name, created_at, source_entity_id, company_category, company_domain, company_metadata) VALUES ('', 'IDL EXPLOSIVES LIMITED', NOW(), 'e023bd9e-46e2-4964-a8e7-d3e73e62421c', 'CAT A', ARRAY['idlexplosives.com'], '{""segment"": ""PRIME""}');"
"INSERT INTO company_details (company_code, company_name, created_at, source_entity_id, company_category, company_domain, company_metadata) VALUES ('', 'INVENIRE PETRODYNE LIMITED', NOW(), 'e023bd9e-46e2-4964-a8e7-d3e73e62421c', 'CAT A', ARRAY['invenireenergy.com'], '{""segment"": ""PRIME""}');"
"INSERT INTO company_details (company_code, company_name, created_at, source_entity_id, company_category, company_domain, company_metadata) VALUES ('', 'AMAPAI CORPORATION INDIA PRIVATE LIMITED', NOW(), 'e023bd9e-46e2-4964-a8e7-d3e73e62421c', 'CAT A', ARRAY['amagasaki-pipe.co.th'], '{""segment"": ""PRIME""}');"
"INSERT INTO company_details (company_code, company_name, created_at, source_entity_id, company_category, company_domain, company_metadata) VALUES ('', 'COPMED PHARMACEUTICALS PRIVATE LIMITED', NOW(), 'e023bd9e-46e2-4964-a8e7-d3e73e62421c', 'CAT A', ARRAY['copmedpharma.com'], '{""segment"": ""PRIME""}');"
"INSERT INTO company_details (company_code, company_name, created_at, source_entity_id, company_category, company_domain, company_metadata) VALUES ('', 'CORTEVA AGRISCIENCE INDIA PRIVATE LIMITED', NOW(), 'e023bd9e-46e2-4964-a8e7-d3e73e62421c', 'CAT A', ARRAY['corteva.com'], '{""segment"": ""PRIME""}');"
"INSERT INTO company_details (company_code, company_name, created_at, source_entity_id, company_category, company_domain, company_metadata) VALUES ('', 'COMPASS INDIA FOOD SERVICES PRIVATE LIMITED', NOW(), 'e023bd9e-46e2-4964-a8e7-d3e73e62421c', 'CAT A', ARRAY['compass-group.co.in'], '{""segment"": ""PRIME""}');"
"INSERT INTO company_details (company_code, company_name, created_at, source_entity_id, company_category, company_domain, company_metadata) VALUES ('', 'CLAD METAL INDIA PRIVATE LIMITED', NOW(), 'e023bd9e-46e2-4964-a8e7-d3e73e62421c', 'CAT A', ARRAY['kalegroup.co.in'], '{""segment"": ""PRIME""}');"
"INSERT INTO company_details (company_code, company_name, created_at, source_entity_id, company_category, company_domain, company_metadata) VALUES ('', 'CSCI STEEL CORPORATION INDIA PRIVATE LIMITED', NOW(), 'e023bd9e-46e2-4964-a8e7-d3e73e62421c', 'CAT A', ARRAY['csci.co.in'], '{""segment"": ""PRIME""}');"
"INSERT INTO company_details (company_code, company_name, created_at, source_entity_id, company_category, company_domain, company_metadata) VALUES ('', 'BRAHMAPUTRA CRACKER AND POLYMER LIMITED', NOW(), 'e023bd9e-46e2-4964-a8e7-d3e73e62421c', 'CAT A', ARRAY['bcplonline.co.in'], '{""segment"": ""PRIME""}');"
"INSERT INTO company_details (company_code, company_name, created_at, source_entity_id, company_category, company_domain, company_metadata) VALUES ('', 'CAVENDISH INDUSTRIES LIMITED', NOW(), 'e023bd9e-46e2-4964-a8e7-d3e73e62421c', 'CAT A', ARRAY['jktyre.com'], '{""segment"": ""PRIME""}');"
"INSERT INTO company_details (company_code, company_name, created_at, source_entity_id, company_category, company_domain, company_metadata) VALUES ('', 'CBA SERVICES PRIVATE LIMITED', NOW(), 'e023bd9e-46e2-4964-a8e7-d3e73e62421c', 'CAT A', ARRAY['cba.com.au'], '{""segment"": ""PRIME""}');"
"INSERT INTO company_details (company_code, company_name, created_at, source_entity_id, company_category, company_domain, company_metadata) VALUES ('', 'KALPSUTRA CHEMICALS PRIVATE LIMITED', NOW(), 'e023bd9e-46e2-4964-a8e7-d3e73e62421c', 'CAT A', ARRAY['kalpsutra.com'], '{""segment"": ""PRIME""}');"
"INSERT INTO company_details (company_code, company_name, created_at, source_entity_id, company_category, company_domain, company_metadata) VALUES ('', 'CREST SPECIALITY RESINS PRIVATE LIMITED', NOW(), 'e023bd9e-46e2-4964-a8e7-d3e73e62421c', 'CAT A', ARRAY['crestcomposites.com'], '{""segment"": ""PRIME""}');"
"INSERT INTO company_details (company_code, company_name, created_at, source_entity_id, company_category, company_domain, company_metadata) VALUES ('', 'DEVASHREE ISPAT PRIVATE LIMITED', NOW(), 'e023bd9e-46e2-4964-a8e7-d3e73e62421c', 'CAT A', ARRAY['shreetmt.com'], '{""segment"": ""PRIME""}');"
"INSERT INTO company_details (company_code, company_name, created_at, source_entity_id, company_category, company_domain, company_metadata) VALUES ('', 'EXOTECH PLASTICS PRIVATE LIMITED', NOW(), 'e023bd9e-46e2-4964-a8e7-d3e73e62421c', 'CAT A', ARRAY['exotechzanini.com'], '{""segment"": ""PRIME""}');"
"INSERT INTO company_details (company_code, company_name, created_at, source_entity_id, company_category, company_domain, company_metadata) VALUES ('', 'EXPERION CAPITAL PRIVATE LIMITED', NOW(), 'e023bd9e-46e2-4964-a8e7-d3e73e62421c', 'CAT A', ARRAY['experioncapital.co.in'], '{""segment"": ""PRIME""}');"
"INSERT INTO company_details (company_code, company_name, created_at, source_entity_id, company_category, company_domain, company_metadata) VALUES ('', 'JIVAGRO LIMITED', NOW(), 'e023bd9e-46e2-4964-a8e7-d3e73e62421c', 'CAT A', ARRAY['jivagro.com'], '{""segment"": ""PRIME""}');"
"INSERT INTO company_details (company_code, company_name, created_at, source_entity_id, company_category, company_domain, company_metadata) VALUES ('', 'GUJARAT STATE PETRONET LIMITED', NOW(), 'e023bd9e-46e2-4964-a8e7-d3e73e62421c', 'CAT A', ARRAY['gspcgroup.com'], '{""segment"": ""PRIME""}');"
"INSERT INTO company_details (company_code, company_name, created_at, source_entity_id, company_category, company_domain, company_metadata) VALUES ('', 'GUJJADI SWARNA JEWELLERS PRIVATE LIMITED', NOW(), 'e023bd9e-46e2-4964-a8e7-d3e73e62421c', 'CAT A', ARRAY['gujjadi.com'], '{""segment"": ""PRIME""}');"
"INSERT INTO company_details (company_code, company_name, created_at, source_entity_id, company_category, company_domain, company_metadata) VALUES ('', 'STAR CEMENT MEGHALAYA LIMITED', NOW(), 'e023bd9e-46e2-4964-a8e7-d3e73e62421c', 'CAT A', ARRAY['cmcl.co.in'], '{""segment"": ""PRIME""}');"
"INSERT INTO company_details (company_code, company_name, created_at, source_entity_id, company_category, company_domain, company_metadata) VALUES ('', 'MARELLI MOTHERSON AUTOMOTIVE LIGHTING INDIA PRIVATE LIMITED', NOW(), 'e023bd9e-46e2-4964-a8e7-d3e73e62421c', 'CAT A', ARRAY['motherson.com'], '{""segment"": ""PRIME""}');"
"INSERT INTO company_details (company_code, company_name, created_at, source_entity_id, company_category, company_domain, company_metadata) VALUES ('', 'MARELLI POWERTRAIN INDIA PRIVATE LIMITED', NOW(), 'e023bd9e-46e2-4964-a8e7-d3e73e62421c', 'CAT A', ARRAY['magnetimarelli.com'], '{""segment"": ""PRIME""}');"
"INSERT INTO company_details (company_code, company_name, created_at, source_entity_id, company_category, company_domain, company_metadata) VALUES ('', 'EPL LIMITED', NOW(), 'e023bd9e-46e2-4964-a8e7-d3e73e62421c', 'CAT A', ARRAY['eplglobal.com'], '{""segment"": ""PRIME""}');"
"INSERT INTO company_details (company_code, company_name, created_at, source_entity_id, company_category, company_domain, company_metadata) VALUES ('', 'K I C METALIKS LIMITED', NOW(), 'e023bd9e-46e2-4964-a8e7-d3e73e62421c', 'CAT A', ARRAY['kicmetaliks.com'], '{""segment"": ""PRIME""}');"
"INSERT INTO company_details (company_code, company_name, created_at, source_entity_id, company_category, company_domain, company_metadata) VALUES ('', 'L H SUGAR FACTORIES LIMITED', NOW(), 'e023bd9e-46e2-4964-a8e7-d3e73e62421c', 'CAT A', ARRAY['lhsugar.in'], '{""segment"": ""PRIME""}');"
"INSERT INTO company_details (company_code, company_name, created_at, source_entity_id, company_category, company_domain, company_metadata) VALUES ('', 'MODENIK LIFESTYLE PRIVATE LIMITED', NOW(), 'e023bd9e-46e2-4964-a8e7-d3e73e62421c', 'CAT A', ARRAY['dixcy.co.in'], '{""segment"": ""PRIME""}');"
"INSERT INTO company_details (company_code, company_name, created_at, source_entity_id, company_category, company_domain, company_metadata) VALUES ('', 'NTPC TAMIL NADU ENERGY COMPANY LIMITED', NOW(), 'e023bd9e-46e2-4964-a8e7-d3e73e62421c', 'CAT A', ARRAY['ntpcntecljv.co.in'], '{""segment"": ""PRIME""}');"
"INSERT INTO company_details (company_code, company_name, created_at, source_entity_id, company_category, company_domain, company_metadata) VALUES ('', 'OC SPECIALITIES PRIVATE LIMITED', NOW(), 'e023bd9e-46e2-4964-a8e7-d3e73e62421c', 'CAT A', ARRAY['ocspl.com'], '{""segment"": ""PRIME""}');"
"INSERT INTO company_details (company_code, company_name, created_at, source_entity_id, company_category, company_domain, company_metadata) VALUES ('', 'O2 POWER PRIVATE LIMITED', NOW(), 'e023bd9e-46e2-4964-a8e7-d3e73e62421c', 'CAT A', ARRAY['o2power.in'], '{""segment"": ""PRIME""}');"
"INSERT INTO company_details (company_code, company_name, created_at, source_entity_id, company_category, company_domain, company_metadata) VALUES ('', 'MANAKSIA STEELS LIMITED', NOW(), 'e023bd9e-46e2-4964-a8e7-d3e73e62421c', 'CAT A', ARRAY['manaksiasteels.com'], '{""segment"": ""PRIME""}');"
"INSERT INTO company_details (company_code, company_name, created_at, source_entity_id, company_category, company_domain, company_metadata) VALUES ('', 'MAHIMA FIBRES PRIVATE LIMITED', NOW(), 'e023bd9e-46e2-4964-a8e7-d3e73e62421c', 'CAT A', ARRAY['mahimacotton.com'], '{""segment"": ""PRIME""}');"
"INSERT INTO company_details (company_code, company_name, created_at, source_entity_id, company_category, company_domain, company_metadata) VALUES ('', 'KRISHNA COIL CUTTERS PRIVATE LIMITED', NOW(), 'e023bd9e-46e2-4964-a8e7-d3e73e62421c', 'CAT A', ARRAY['krishnacoilcutters.com'], '{""segment"": ""PRIME""}');"
"INSERT INTO company_details (company_code, company_name, created_at, source_entity_id, company_category, company_domain, company_metadata) VALUES ('', 'KARAM SAFETY PRIVATE LIMITED', NOW(), 'e023bd9e-46e2-4964-a8e7-d3e73e62421c', 'CAT A', ARRAY['karami.in'], '{""segment"": ""PRIME""}');"
"INSERT INTO company_details (company_code, company_name, created_at, source_entity_id, company_category, company_domain, company_metadata) VALUES ('', 'KRITI NUTRIENTS LIMITED', NOW(), 'e023bd9e-46e2-4964-a8e7-d3e73e62421c', 'CAT A', ARRAY['kritinutrients.com'], '{""segment"": ""PRIME""}');"
"INSERT INTO company_details (company_code, company_name, created_at, source_entity_id, company_category, company_domain, company_metadata) VALUES ('', 'MADHAV STELCO PRIVATE LIMITED', NOW(), 'e023bd9e-46e2-4964-a8e7-d3e73e62421c', 'CAT A', ARRAY['madhavstelco.com'], '{""segment"": ""PRIME""}');"
"INSERT INTO company_details (company_code, company_name, created_at, source_entity_id, company_category, company_domain, company_metadata) VALUES ('', 'POWERGRID WARORA TRANSMISSION LIMITED', NOW(), 'e023bd9e-46e2-4964-a8e7-d3e73e62421c', 'CAT A', ARRAY['powergridindia.com'], '{""segment"": ""PRIME""}');"
"INSERT INTO company_details (company_code, company_name, created_at, source_entity_id, company_category, company_domain, company_metadata) VALUES ('', 'ASHOKA KARADI BANWARA ROAD PRIVATE LIMITED', NOW(), 'e023bd9e-46e2-4964-a8e7-d3e73e62421c', 'CAT A', ARRAY['ashokakaradi.com'], '{""segment"": ""PRIME""}');"
"INSERT INTO company_details (company_code, company_name, created_at, source_entity_id, company_category, company_domain, company_metadata) VALUES ('', 'AUSOM ENTERPRISE LIMITED', NOW(), 'e023bd9e-46e2-4964-a8e7-d3e73e62421c', 'CAT A', ARRAY['ausom.in'], '{""segment"": ""PRIME""}');"
"INSERT INTO company_details (company_code, company_name, created_at, source_entity_id, company_category, company_domain, company_metadata) VALUES ('', 'BRILLON CONSUMER PRODUCTS PRIVATE LIMITED', NOW(), 'e023bd9e-46e2-4964-a8e7-d3e73e62421c', 'CAT A', ARRAY['scjohnson.com'], '{""segment"": ""PRIME""}');"
"INSERT INTO company_details (company_code, company_name, created_at, source_entity_id, company_category, company_domain, company_metadata) VALUES ('', 'AL AMMAR FROZEN FOODS EXPORTS PRIVATE LIMITED', NOW(), 'e023bd9e-46e2-4964-a8e7-d3e73e62421c', 'CAT A', ARRAY['al-ammar.in'], '{""segment"": ""PRIME""}');"
"INSERT INTO company_details (company_code, company_name, created_at, source_entity_id, company_category, company_domain, company_metadata) VALUES ('', 'AGARWAL FUEL CORPORATION PRIVATE LIMITED', NOW(), 'e023bd9e-46e2-4964-a8e7-d3e73e62421c', 'CAT A', ARRAY['agarwalcoal.com'], '{""segment"": ""PRIME""}');"
"INSERT INTO company_details (company_code, company_name, created_at, source_entity_id, company_category, company_domain, company_metadata) VALUES ('', 'AGARWAL INDUSTRIAL CORPORATION LIMITED', NOW(), 'e023bd9e-46e2-4964-a8e7-d3e73e62421c', 'CAT A', ARRAY['aicltd.in'], '{""segment"": ""PRIME""}');"
"INSERT INTO company_details (company_code, company_name, created_at, source_entity_id, company_category, company_domain, company_metadata) VALUES ('', 'BERRY ALLOYS LIMITED', NOW(), 'e023bd9e-46e2-4964-a8e7-d3e73e62421c', 'CAT A', ARRAY['berryalloys.in'], '{""segment"": ""PRIME""}');"
"INSERT INTO company_details (company_code, company_name, created_at, source_entity_id, company_category, company_domain, company_metadata) VALUES ('', 'GOYAL VEGOILS LIMITED', NOW(), 'e023bd9e-46e2-4964-a8e7-d3e73e62421c', 'CAT A', ARRAY['goyalglobal.com'], '{""segment"": ""PRIME""}');"
"INSERT INTO company_details (company_code, company_name, created_at, source_entity_id, company_category, company_domain, company_metadata) VALUES ('', 'GRANT THORNTON BHARAT LLP', NOW(), 'e023bd9e-46e2-4964-a8e7-d3e73e62421c', 'CAT A', ARRAY['grantthornton.in'], '{""segment"": ""PRIME""}');"
"INSERT INTO company_details (company_code, company_name, created_at, source_entity_id, company_category, company_domain, company_metadata) VALUES ('', 'GND ISPAT PRIVATE LIMITED', NOW(), 'e023bd9e-46e2-4964-a8e7-d3e73e62421c', 'CAT A', ARRAY['kediasteels.com'], '{""segment"": ""PRIME""}');"
"INSERT INTO company_details (company_code, company_name, created_at, source_entity_id, company_category, company_domain, company_metadata) VALUES ('', 'PREMIER TOBACCO PACKERS PRIVATE LIMITED', NOW(), 'e023bd9e-46e2-4964-a8e7-d3e73e62421c', 'CAT A', ARRAY['bbmbommidala.com'], '{""segment"": ""PRIME""}');"
"INSERT INTO company_details (company_code, company_name, created_at, source_entity_id, company_category, company_domain, company_metadata) VALUES ('', 'GOLDIAM JEWELLERY LIMITED', NOW(), 'e023bd9e-46e2-4964-a8e7-d3e73e62421c', 'CAT A', ARRAY['goldiam.com'], '{""segment"": ""PRIME""}');"
"INSERT INTO company_details (company_code, company_name, created_at, source_entity_id, company_category, company_domain, company_metadata) VALUES ('', 'HANSA METALLICS LIMITED', NOW(), 'e023bd9e-46e2-4964-a8e7-d3e73e62421c', 'CAT A', ARRAY['hansametallics.com'], '{""segment"": ""PRIME""}');"
"INSERT INTO company_details (company_code, company_name, created_at, source_entity_id, company_category, company_domain, company_metadata) VALUES ('', 'HAZIRA PORT PRIVATE LIMITED', NOW(), 'e023bd9e-46e2-4964-a8e7-d3e73e62421c', 'CAT A', ARRAY['haziralng.com'], '{""segment"": ""PRIME""}');"
"INSERT INTO company_details (company_code, company_name, created_at, source_entity_id, company_category, company_domain, company_metadata) VALUES ('', 'ENTRATA INDIA PRIVATE LIMITED', NOW(), 'e023bd9e-46e2-4964-a8e7-d3e73e62421c', 'CAT A', ARRAY['entrata.in'], '{""segment"": ""PRIME""}');"
"INSERT INTO company_details (company_code, company_name, created_at, source_entity_id, company_category, company_domain, company_metadata) VALUES ('', 'NEZONE STRIPS LIMITED', NOW(), 'e023bd9e-46e2-4964-a8e7-d3e73e62421c', 'CAT A', ARRAY['nezonegroup.com'], '{""segment"": ""PRIME""}');"
"INSERT INTO company_details (company_code, company_name, created_at, source_entity_id, company_category, company_domain, company_metadata) VALUES ('', 'ORCH LABORATORIES INDIA PRIVATE LIMITED', NOW(), 'e023bd9e-46e2-4964-a8e7-d3e73e62421c', 'CAT A', ARRAY['orchlabs.com'], '{""segment"": ""PRIME""}');"
"INSERT INTO company_details (company_code, company_name, created_at, source_entity_id, company_category, company_domain, company_metadata) VALUES ('', 'OSTRO KUTCH WIND PRIVATE LIMITED', NOW(), 'e023bd9e-46e2-4964-a8e7-d3e73e62421c', 'CAT A', ARRAY['renewpower.in'], '{""segment"": ""PRIME""}');"
"INSERT INTO company_details (company_code, company_name, created_at, source_entity_id, company_category, company_domain, company_metadata) VALUES ('', 'RIJ ENGINEERING PRIVATE LIMITED', NOW(), 'e023bd9e-46e2-4964-a8e7-d3e73e62421c', 'CAT A', ARRAY['rjjeng.in'], '{""segment"": ""PRIME""}');"
"INSERT INTO company_details (company_code, company_name, created_at, source_entity_id, company_category, company_domain, company_metadata) VALUES ('', 'MYSORE SALES INTERNATIONAL LIMITED', NOW(), 'e023bd9e-46e2-4964-a8e7-d3e73e62421c', 'CAT A', ARRAY['msilonline.com'], '{""segment"": ""PRIME""}');"
"INSERT INTO company_details (company_code, company_name, created_at, source_entity_id, company_category, company_domain, company_metadata) VALUES ('', 'PRABHAT GLOBAL COLOURCOATED PRIVATE LIMITED', NOW(), 'e023bd9e-46e2-4964-a8e7-d3e73e62421c', 'CAT A', ARRAY['prabhatglobal.com'], '{""segment"": ""PRIME""}');"
"INSERT INTO company_details (company_code, company_name, created_at, source_entity_id, company_category, company_domain, company_metadata) VALUES ('', 'NANI AGROFOODS PRIVATE LIMITED', NOW(), 'e023bd9e-46e2-4964-a8e7-d3e73e62421c', 'CAT A', ARRAY['naf.in'], '{""segment"": ""PRIME""}');"
"INSERT INTO company_details (company_code, company_name, created_at, source_entity_id, company_category, company_domain, company_metadata) VALUES ('', 'NAKODA DAIRY PRIVATE LIMITED', NOW(), 'e023bd9e-46e2-4964-a8e7-d3e73e62421c', 'CAT A', ARRAY['nakodadairy.com'], '{""segment"": ""PRIME""}');"
"INSERT INTO company_details (company_code, company_name, created_at, source_entity_id, company_category, company_domain, company_metadata) VALUES ('', 'PATAKA INDUSTRIES PRIVATE LIMITED', NOW(), 'e023bd9e-46e2-4964-a8e7-d3e73e62421c', 'CAT A', ARRAY['eastendsilksindia.com'], '{""segment"": ""PRIME""}');"
"INSERT INTO company_details (company_code, company_name, created_at, source_entity_id, company_category, company_domain, company_metadata) VALUES ('', 'KALYANI TRANSMISSION TECHNOLOGIES PRIVATE LIMITED', NOW(), 'e023bd9e-46e2-4964-a8e7-d3e73e62421c', 'CAT A', ARRAY['kalyanitransmissiontechnology.com'], '{""segment"": ""PRIME""}');"
"INSERT INTO company_details (company_code, company_name, created_at, source_entity_id, company_category, company_domain, company_metadata) VALUES ('', 'DAYAL FERTILIZERS PRIVATE LIMITED', NOW(), 'e023bd9e-46e2-4964-a8e7-d3e73e62421c', 'CAT A', ARRAY['dayalgroup.com'], '{""segment"": ""PRIME""}');"
"INSERT INTO company_details (company_code, company_name, created_at, source_entity_id, company_category, company_domain, company_metadata) VALUES ('', 'DAINICHI COLOR INDIA PRIVATE LIMITED', NOW(), 'e023bd9e-46e2-4964-a8e7-d3e73e62421c', 'CAT A', ARRAY['daicolor.co.jp'], '{""segment"": ""PRIME""}');"
"INSERT INTO company_details (company_code, company_name, created_at, source_entity_id, company_category, company_domain, company_metadata) VALUES ('', 'INDIANOIL TOTAL PRIVATE LIMITED', NOW(), 'e023bd9e-46e2-4964-a8e7-d3e73e62421c', 'CAT A', ARRAY['itpl.net'], '{""segment"": ""PRIME""}');"
"INSERT INTO company_details (company_code, company_name, created_at, source_entity_id, company_category, company_domain, company_metadata) VALUES ('', 'GEBBS HEALTHCARE SOLUTIONS PRIVATE LIMITED', NOW(), 'e023bd9e-46e2-4964-a8e7-d3e73e62421c', 'CAT A', ARRAY['gebbs.com'], '{""segment"": ""PRIME""}');"
"INSERT INTO company_details (company_code, company_name, created_at, source_entity_id, company_category, company_domain, company_metadata) VALUES ('', 'MYLAN PHARMACEUTICALS PRIVATE LIMITED', NOW(), 'e023bd9e-46e2-4964-a8e7-d3e73e62421c', 'CAT A', ARRAY['mylan.com'], '{""segment"": ""PRIME""}');"
"INSERT INTO company_details (company_code, company_name, created_at, source_entity_id, company_category, company_domain, company_metadata) VALUES ('', 'MONDELEZ INDIA FOODS PRIVATE LIMITED', NOW(), 'e023bd9e-46e2-4964-a8e7-d3e73e62421c', 'SUPER A', ARRAY['mondelezinternational.com'], '{""segment"": ""PRIME""}');"
"INSERT INTO company_details (company_code, company_name, created_at, source_entity_id, company_category, company_domain, company_metadata) VALUES ('', 'PAHARPUR COOLING TOWERS LTD', NOW(), 'e023bd9e-46e2-4964-a8e7-d3e73e62421c', 'SUPER A', ARRAY['paharpur.com'], '{""segment"": ""PRIME""}');"
"INSERT INTO company_details (company_code, company_name, created_at, source_entity_id, company_category, company_domain, company_metadata) VALUES ('', 'POWERICA LIMITED', NOW(), 'e023bd9e-46e2-4964-a8e7-d3e73e62421c', 'SUPER A', ARRAY['powericaltd.com'], '{""segment"": ""PRIME""}');"
"INSERT INTO company_details (company_code, company_name, created_at, source_entity_id, company_category, company_domain, company_metadata) VALUES ('', 'ROCKMAN INDUSTRIES LIMITED', NOW(), 'e023bd9e-46e2-4964-a8e7-d3e73e62421c', 'SUPER A', ARRAY['rockman.in'], '{""segment"": ""PRIME""}');"
"INSERT INTO company_details (company_code, company_name, created_at, source_entity_id, company_category, company_domain, company_metadata) VALUES ('', 'AMBA RIVER COKE LIMITED', NOW(), 'e023bd9e-46e2-4964-a8e7-d3e73e62421c', 'SUPER A', ARRAY['jsw.in'], '{""segment"": ""PRIME""}');"
"INSERT INTO company_details (company_code, company_name, created_at, source_entity_id, company_category, company_domain, company_metadata) VALUES ('', 'HUBERGROUP INDIA PRIVATE LIMITED', NOW(), 'e023bd9e-46e2-4964-a8e7-d3e73e62421c', 'SUPER A', ARRAY['hubergroup.in'], '{""segment"": ""PRIME""}');"
